,PRODUÇÃO,RETRANCA,TIPO,ARTISTA,ANO,MÊS,DIA,SEMANA,HORA,MINUTOS,SEGUNDOS
0,DF2,CHUVA,ARTE,x,2022,Jan,1,Sat,18,56,4
1,DF2,RUA PRA UERJ,DESTAQUE,x,2022,Jan,1,Sat,18,14,38
2,DF2,TRANSPLANTES,ARTE,x,2022,Jan,1,Sat,18,33,23
3,DF2,TRANSPLANTES,ARTE,x,2022,Jan,1,Sat,18,57,4
4,GNEWS,CONTAS PUBLICAS,ARTE,x,2022,Jan,1,Sat,11,42,44
5,JH,DESONERAÇÃO DA FOLHA,ARTE,x,2022,Jan,1,Sat,11,23,7
6,JH,DESONERAÇÃO DA FOLHA,PASSEIO,x,2022,Jan,1,Sat,11,55,21
7,JN,DESONERACAO,ARTE,x,2022,Jan,1,Sat,19,19,18
8,JN,METANO,ARTE,x,2022,Jan,1,Sat,18,23,19
9,JN,METANO,ARTE,x,2022,Jan,1,Sat,19,9,34
0,BDDF,BALANCO,ARTE,x,2022,Jan,2,Sun,18,31,14
1,BDDF,CHUVA,ARTE,x,2022,Jan,2,Sun,17,58,24
2,BDDF,GE,DESTAQUE,x,2022,Jan,2,Sun,18,46,37
3,BDDF,GE,DESTAQUE,x,2022,Jan,2,Sun,20,10,35
4,BDDF,MENSAGENS,ARTE,x,2022,Jan,2,Sun,20,11,39
5,BDDF,ONDE,ARTE,x,2022,Jan,2,Sun,17,53,25
6,BDDF,ONDE,ARTE,x,2022,Jan,2,Sun,18,33,46
7,BDDF,REAJUSTES,x,x,2022,Jan,2,Sun,19,3,40
0,BDBR,NOVAS REGRAS VOOS,ARTE,GVB,2022,Jan,3,Mon,22,23,47
1,BDDF,CASOSXMORTES 2020-2021,ARTE,GVB,2022,Jan,3,Mon,20,53,31
2,BDDF,CASOSXMORTES 2020-2021,ARTE,GVB,2022,Jan,3,Mon,23,6,59
3,BDDF,CICLOVIA,MAPA,GVB,2022,Jan,3,Mon,23,2,36
4,BDDF,CICLOVIA,MAPA,GVB,2022,Jan,3,Mon,23,4,56
5,BDDF,MERCADO IMOBILIARIO,ARTE,WMB,2022,Jan,3,Mon,20,50,46
6,BDDF,MERCADO IMOBILIARIO,ARTE,GVB,2022,Jan,3,Mon,23,24,18
7,BDDF,MERCADO IMOBILIARIO,ARTE,WMB,2022,Jan,3,Mon,21,9,25
8,BDDF,REGRAS FIES,ARTE,GVB,2022,Jan,3,Mon,20,24,8
9,BDDF,REGRAS ONIBUS E AVIAO,ARTE,GVB,2022,Jan,3,Mon,20,16,37
10,BDDF,REGRAS ONIBUS E AVIAO,ARTE,GVB,2022,Jan,3,Mon,21,51,37
11,DF1,ESCORPIÃO,ARTE,x,2022,Jan,3,Mon,11,36,53
12,DF1,ESCORPIÃO,ARTE,x,2022,Jan,3,Mon,11,35,49
13,DF1,PONTE MELCHIOR,MAPA,KMB,2022,Jan,3,Mon,10,56,36
14,DF1,PONTE MELCHIOR,MAPA,KMB,2022,Jan,3,Mon,11,48,41
15,DF2,POLEMICA OUTDOORS,DESTAQUE,GVB,2022,Jan,3,Mon,16,5,33
16,DF2,POLEMICA OUTDOORS,DESTAQUE,GVB,2022,Jan,3,Mon,16,5,50
17,DF2,POLEMICA OUTDOORS,DESTAQUE,GVB,2022,Jan,3,Mon,16,6,7
18,GE,CRUZEIRO,DESTAQUE,x,2022,Jan,3,Mon,8,24,34
19,GNEWS,BALANCA COMERCIAL,TELA,x,2022,Jan,3,Mon,21,45,41
20,GNEWS,BALANCA COMERCIAL,TELA,x,2022,Jan,3,Mon,21,59,45
21,GNEWS,CONEXAO,TELA,KMB,2022,Jan,3,Mon,8,15,1
22,GNEWS,CONEXAO,TELA,KMB,2022,Jan,3,Mon,8,21,41
23,GNEWS,CONEXAO,TELA,KMB,2022,Jan,3,Mon,8,31,56
24,GNEWS,J10,DESTAQUE,GVB,2022,Jan,3,Mon,18,42,30
25,GNEWS,JOGO ELEITORAL,TELA,GVB,2022,Jan,3,Mon,19,58,52
26,GNEWS,JOGO ELEITORAL,TELA,GVB,2022,Jan,3,Mon,21,5,32
27,GNEWS,O QUE VEM POR AI,ARTE,x,2022,Jan,3,Mon,9,30,27
28,GNEWS,O QUE VEM POR AI,ARTE,x,2022,Jan,3,Mon,9,31,5
29,GNEWS,O QUE VEM POR AI,ARTE,x,2022,Jan,3,Mon,9,37,59
30,GNEWS,O QUE VEM POR AI,ARTE,x,2022,Jan,3,Mon,9,38,47
31,GNEWS,POSICIONAMENTO CLIA,DESTAQUE,GVB,2022,Jan,3,Mon,16,52,7
32,GNEWS,RECOMENDACAO ANVISA,DESTAQUE,GVB,2022,Jan,3,Mon,21,12,43
33,GNEWS,TWITTER PRESIDENTE,DESTAQUE,KMB,2022,Jan,3,Mon,9,48,2
34,JG,NOTA MS,DESTAQUE,GVB,2022,Jan,3,Mon,23,10,50
35,JH,CONSIGNADO,ARTE,x,2022,Jan,3,Mon,12,8,15
0,BDBR,DESTAQUE CONTA ENERGIA,DESTAQUE,x,2022,Jan,4,Tue,23,2,42
1,BDBR,DESTAQUE CONTA ENERGIA,DESTAQUE,x,2022,Jan,4,Tue,23,43,19
2,BDBR,NOVAS REGRAS VOOS,ARTE,GVB,2022,Jan,4,Tue,7,18,19
3,BDDF,DF,ARTE,x,2022,Jan,4,Tue,22,2,19
4,BDDF,DF,ARTE,GVB,2022,Jan,4,Tue,22,14,16
5,BDDF,DOCUMENTO,FOTO,GVB,2022,Jan,4,Tue,23,5,30
6,BDDF,EVOLUCAO RESERVATORIOS,ARTE,GVB,2022,Jan,4,Tue,21,50,31
7,BDDF,EVOLUCAO RESERVATORIOS,ARTE,GVB,2022,Jan,4,Tue,23,52,4
8,BDDF,MEDICOS NAS UPAS,ARTE,GVB,2022,Jan,4,Tue,23,49,42
9,BDDF,MORAR BEM,ARTE,GVB,2022,Jan,4,Tue,19,28,19
10,BDDF,NOVA CNH,ARTE,x,2022,Jan,4,Tue,5,54,41
11,BDDF,TAXA DE TRANSMISSAO,ARTE,x,2022,Jan,4,Tue,22,5,15
12,BDDF,UPAS OBRAS,x,x,2022,Jan,4,Tue,21,47,42
13,BDDF,UPAS OBRAS,x,x,2022,Jan,4,Tue,21,50,39
14,BDDF,UPAS,MAPA,x,2022,Jan,4,Tue,21,47,35
15,BDDF,UPAS,MAPA,x,2022,Jan,4,Tue,21,51,16
16,BDDF,VAGAS ESTAGIO,ARTE,GVB,2022,Jan,4,Tue,19,49,42
17,DF1,NO FIM DAS CONTAS,ARTE,x,2022,Jan,4,Tue,6,17,3
18,DF1,NO FIM DAS CONTAS,ARTE,x,2022,Jan,4,Tue,6,15,49
19,DF1,NO FIM DAS CONTAS,ARTE,x,2022,Jan,4,Tue,11,8,43
20,DF1,NO FIM DAS CONTAS,ARTE,x,2022,Jan,4,Tue,11,10,51
21,DF1,RONDA HOSPITAIS,DESTAQUE,KMB,2022,Jan,4,Tue,9,11,11
22,DF1,SEDENTARISMO,ARTE,x,2022,Jan,4,Tue,11,35,30
23,DF1,TAXA DE TRANSMISSAO,ARTE,x,2022,Jan,4,Tue,11,16,48
24,DF1,TRETA DETRAN,DESTAQUE,KMB,2022,Jan,4,Tue,9,43,9
25,DF1,TRETA DETRAN,x,KMB,2022,Jan,4,Tue,10,0,5
26,DF1,TRETA DETRAN,x,KMB,2022,Jan,4,Tue,10,11,54
27,DF1,TRETA DETRAN,FOTO,KMB,2022,Jan,4,Tue,9,36,12
28,DF2,DESTAQUE,DESTAQUE,PHB,2022,Jan,4,Tue,17,12,27
29,DF2,IMPOSTOS 2022,ARTE,GVB,2022,Jan,4,Tue,17,37,31
30,DF2,IMPOSTOS 2022,ARTE,GVB,2022,Jan,4,Tue,17,58,5
31,DF2,INFORMACOES INFLUENZA,DESTAQUE,GVB,2022,Jan,4,Tue,17,16,14
32,DF2,MORAR BEM,ARTE,x,2022,Jan,4,Tue,17,52,58
33,GE,TIME CASTANHAL,MAPA,x,2022,Jan,4,Tue,9,51,54
34,GE,TIME CASTANHAL,MAPA,x,2022,Jan,4,Tue,10,26,36
35,GE,PARTE 1,ARTE,x,2022,Jan,4,Tue,20,45,38
36,GE,PARTE 2,ARTE,x,2022,Jan,4,Tue,20,46,21
37,GNEWS,ANVISA,DESTAQUE,x,2022,Jan,4,Tue,10,45,1
38,GNEWS,ANVISA,DESTAQUE,x,2022,Jan,4,Tue,10,46,10
39,GNEWS,CALENDARIO ELEITORAL,TELA,GVB,2022,Jan,4,Tue,20,12,13
40,GNEWS,CALENDARIO ELEITORAL,TELA,GVB,2022,Jan,4,Tue,20,34,55
41,GNEWS,CONSIGNADO,ARTE,KMB,2022,Jan,4,Tue,13,58,38
42,GNEWS,CONSIGNADO,ARTE,KMB,2022,Jan,4,Tue,14,2,27
43,GNEWS,CONSIGNADO,ARTE,KMB,2022,Jan,4,Tue,14,6,27
44,GNEWS,CONSIGNADO,ARTE,KMB,2022,Jan,4,Tue,13,55,9
45,GNEWS,REGRAS ELEICOES,TELA,GVB,2022,Jan,4,Tue,19,19,39
46,GNEWS,RELATORIO FINAL CPI COVID,x,WMB,2022,Jan,4,Tue,22,12,14
47,H1,DESCONTO ENERGIA,ARTE,x,2022,Jan,4,Tue,22,48,28
48,JG,ENERGIA,x,x,2022,Jan,4,Tue,22,6,32
49,JH,AUDIENCIA PUBLICA,DESTAQUE,x,2022,Jan,4,Tue,10,34,28
50,JH,AUDIENCIA PUBLICA,DESTAQUE,x,2022,Jan,4,Tue,12,5,10
51,JH,AUDIENCIA PUBLICA,DESTAQUE,x,2022,Jan,4,Tue,12,5,52
52,JH,AUXILIO FILA,ARTE,KLB,2022,Jan,4,Tue,12,14,47
53,JH,CONSIGNADO,ARTE,KMB,2022,Jan,4,Tue,11,45,52
54,JH,CONSIGNADO,ARTE,KMB,2022,Jan,4,Tue,11,58,55
55,JH,CONSIGNADO,ARTE,IRB,2022,Jan,4,Tue,11,54,11
56,JH,CONSIGNADO,ARTE,IRB,2022,Jan,4,Tue,12,33,26
57,JH,CONSIGNADO,ARTE,KMB,2022,Jan,4,Tue,11,28,15
58,GE,REGRA PASSAGENS,ARTE,x,2022,Jan,4,Tue,20,7,41
0,BDBR,VERBAS CHUVAS GRAFICO,GRAFICO,x,2022,Jan,5,Wed,23,58,20
1,BDDF,AUTONOMOS ARTE,ARTE,x,2022,Jan,5,Wed,20,16,47
2,BDDF,COVID-19 E INFLUENZA,ARTE,GVB,2022,Jan,5,Wed,23,10,37
3,BDDF,COVID-19 E INFLUENZA,ARTE,GVB,2022,Jan,5,Wed,23,57,7
4,BDDF,ESTIMATIVA DE ENTREGA,ARTE,GVB,2022,Jan,5,Wed,22,37,0
5,BDDF,EVOLUCAO RESERVATORIOS,ARTE,x,2022,Jan,5,Wed,5,38,30
6,BDDF,EVOLUCAO RESERVATORIOS,ARTE,x,2022,Jan,5,Wed,5,39,11
7,BDDF,MATRICULA,ARTE,x,2022,Jan,5,Wed,5,53,9
8,BDDF,MEDICOS NAS UPAS,ARTE,GVB,2022,Jan,5,Wed,0,25,2
9,BDDF,MORAR BEM,ARTE,GVB,2022,Jan,5,Wed,22,8,49
10,BDDF,MORAR BEM,x,GVB,2022,Jan,5,Wed,22,24,41
11,BDDF,OCUPACAO COVID,ARTE,GVB,2022,Jan,5,Wed,23,42,59
12,BDDF,TAXA DE TRANSMISSAO,TELA,x,2022,Jan,5,Wed,21,4,5
13,BDDF,VENDAS SEMINOVOS,ARTE,x,2022,Jan,5,Wed,23,9,0
14,BDDF,VENDAS SEMINOVOS,ARTE,x,2022,Jan,5,Wed,23,8,54
15,DF1,PERG AO DR,x,x,2022,Jan,5,Wed,8,10,4
16,DF1,RELATORIO UNB,ARTE,x,2022,Jan,5,Wed,10,37,52
17,DF1,RELATORIO UNB,DESTAQUE,x,2022,Jan,5,Wed,10,13,54
18,DF1,RELATORIO UNB,DESTAQUE,x,2022,Jan,5,Wed,10,21,25
19,DF1,RELATORIO UNB,x,x,2022,Jan,5,Wed,10,25,4
20,DF1,RELATORIO UNB,x,x,2022,Jan,5,Wed,11,21,56
21,DF1,RELATORIO UNB,x,KMB,2022,Jan,5,Wed,10,45,1
22,DF1,RELATORIO UNB,x,KMB,2022,Jan,5,Wed,11,7,6
23,DF1,RELATORIO UNB,x,KMB,2022,Jan,5,Wed,10,54,43
24,DF2,AUTONOMOS arte,ARTE,x,2022,Jan,5,Wed,17,20,35
25,DF2,DESTAQUE,DESTAQUE,PHB,2022,Jan,5,Wed,16,56,54
26,DF2,DESTAQUE,DESTAQUE,PHB,2022,Jan,5,Wed,16,43,37
27,GNEWS,ARRECADACAO,TELA,x,2022,Jan,5,Wed,17,5,58
28,GNEWS,ARRECADACAO,TELA,x,2022,Jan,5,Wed,20,22,23
29,GNEWS,ARRECADACAO,TELA,x,2022,Jan,5,Wed,20,22,19
30,GNEWS,ARRECADACAO,TELA,GVB,2022,Jan,5,Wed,17,4,40
31,GNEWS,ARRECADACAO,TELA,GVB,2022,Jan,5,Wed,20,18,22
32,GNEWS,ARTE,ARTE,PHB,2022,Jan,5,Wed,18,49,24
33,GNEWS,ARTE,ARTE,PHB,2022,Jan,5,Wed,19,49,47
34,GNEWS,TELAO ARTE 1 VERSAO 2,ARTE,WMB,2022,Jan,5,Wed,19,19,7
35,GNEWS,TELAO ARTE 1.aep,ARTE,x,2022,Jan,5,Wed,18,2,37
36,GNEWS,VACINACAO INFANTIL,ARTE,x,2022,Jan,5,Wed,21,44,54
37,GNEWS,VACINACAO INFANTIL,ARTE,x,2022,Jan,5,Wed,21,46,47
38,GNEWS,VACINACAO INFANTIL,ARTE,x,2022,Jan,5,Wed,21,44,49
39,GNEWS,VACINACAO INFANTIL,ARTE,x,2022,Jan,5,Wed,21,59,35
40,H1,VACINACAO INFANTIL,ARTE,x,2022,Jan,5,Wed,22,16,35
41,H1,VACINACAO INFANTIL,ARTE,x,2022,Jan,5,Wed,22,16,12
42,JG,VACINACAO,ARTE,x,2022,Jan,5,Wed,23,1,5
43,JG,VACINACAO,ARTE,x,2022,Jan,5,Wed,23,27,24
44,JG,VACINACAO,ARTE,x,2022,Jan,5,Wed,22,24,50
45,JN,VACINACAO INFANTIL ARTE DOSES,ARTE,x,2022,Jan,5,Wed,20,0,18
46,JN,VACINACAO INFANTIL,ARTE,x,2022,Jan,5,Wed,19,41,15
47,JN,VACINACAO INFANTIL,GRAFICO,x,2022,Jan,5,Wed,19,37,3
48,GE,VACINACAO INFANTIL,GRAFICO,x,2022,Jan,5,Wed,20,24,56
49,JN,VACINACAO INFANTIL,ARTE,x,2022,Jan,5,Wed,21,10,52
50,JN,VACINACAO INFANTIL,GRAFICO,x,2022,Jan,5,Wed,20,0,0
51,JN,VACINACAO INFANTIL,GRAFICO,x,2022,Jan,5,Wed,20,8,32
52,JN,VACINACAO INFANTIL,GRAFICO,x,2022,Jan,5,Wed,20,4,48
0,BDBR,ENTREGADOR APLICATIVO,DESTAQUE,KMB,2022,Jan,6,Thu,7,11,1
1,BDBR,JUROS CONSUMIDOR,ARTE,GVB,2022,Jan,6,Thu,23,51,11
2,BDBR,JUROS CONSUMIDOR,ARTE,GVB,2022,Jan,6,Thu,23,56,51
3,BDBR,VACINA CRIANCA,ARTE,GVB,2022,Jan,6,Thu,0,15,39
4,BDBR,VACINA CRIANCA,ARTE,GVB,2022,Jan,6,Thu,7,38,58
5,BDDF,COVID E INFLUENZA,x,x,2022,Jan,6,Thu,22,50,45
6,BDDF,DENGUE CASOS,x,x,2022,Jan,6,Thu,21,30,11
7,BDDF,DENGUE CASOS,x,x,2022,Jan,6,Thu,21,33,46
8,BDDF,DENGUE MORTES,x,x,2022,Jan,6,Thu,21,33,56
9,BDDF,FATO OU FAKE,x,x,2022,Jan,6,Thu,5,25,52
10,BDDF,FATO OU FAKE,x,x,2022,Jan,6,Thu,5,25,40
11,BDDF,SELO COVID,x,x,2022,Jan,6,Thu,5,12,29
12,BDDF,TAXA DE TRANSMISAO COMPARATIVO,x,x,2022,Jan,6,Thu,23,23,24
13,BDDF,TAXA DE TRANSMISSAO,x,x,2022,Jan,6,Thu,22,35,41
14,DF1,NOTA SECRETARIA,DESTAQUE,x,2022,Jan,6,Thu,11,31,59
15,DF1,NOTA SECRETARIA,DESTAQUE,x,2022,Jan,6,Thu,11,19,12
16,DF1,TELA,TELA,x,2022,Jan,6,Thu,10,26,47
17,DF1,TRETA DETRAN,DESTAQUE,KMB,2022,Jan,6,Thu,9,52,43
18,DF1,TRETA DETRAN,DESTAQUE,KMB,2022,Jan,6,Thu,10,22,9
19,DF1,TRETA DETRAN,DESTAQUE,KMB,2022,Jan,6,Thu,10,6,15
20,DF1,TRETA DETRAN,DESTAQUE,KMB,2022,Jan,6,Thu,10,40,43
21,DF1,TRETA DETRAN,DESTAQUE,KMB,2022,Jan,6,Thu,9,46,51
22,DF1,TRETA DETRAN,DESTAQUE,KMB,2022,Jan,6,Thu,10,13,49
23,DF1,TRETA DETRAN,DESTAQUE,KMB,2022,Jan,6,Thu,9,59,11
24,DF1,TRETA DETRAN,DESTAQUE,KMB,2022,Jan,6,Thu,10,18,48
25,DF1,TRETA DETRAN,DESTAQUE,KMB,2022,Jan,6,Thu,10,3,51
26,DF1,TRETA DETRAN,DESTAQUE,KMB,2022,Jan,6,Thu,10,10,6
27,DF1,TRETA DETRAN,FOTO,KMB,2022,Jan,6,Thu,9,53,25
28,DF1,VACINA CRIANCA,ARTE,x,2022,Jan,6,Thu,11,11,55
29,DF1,VACINA CRIANCA,ARTE,x,2022,Jan,6,Thu,12,15,5
30,DF1,VACINA CRIANCA,ARTE,x,2022,Jan,6,Thu,12,15,54
31,DF1,VACINA CRIANCA,ARTE,x,2022,Jan,6,Thu,12,13,34
32,DF1,VENDAS SEMINOVOS,ARTE,x,2022,Jan,6,Thu,11,17,53
33,DF1,VENDAS SEMINOVOS,ARTE,x,2022,Jan,6,Thu,11,18,12
34,DF2,LAPADA TJDFT,DESTAQUE,x,2022,Jan,6,Thu,15,6,36
35,GE,CARTA FABIO,DESTAQUE,x,2022,Jan,6,Thu,10,50,40
36,GE,CARTA FABIO,DESTAQUE,x,2022,Jan,6,Thu,11,20,27
37,GE,CARTA FABIO,DESTAQUE,x,2022,Jan,6,Thu,10,50,48
38,GE,FLAMENGO,DESTAQUE,x,2022,Jan,6,Thu,10,38,55
39,GE,PASSAGEM CUCA,ARTE,x,2022,Jan,6,Thu,10,37,20
40,GE,PASSAGEM CUCA,ARTE,x,2022,Jan,6,Thu,10,19,3
41,GE,PASSAGEM CUCA,ARTE,x,2022,Jan,6,Thu,10,13,47
42,GNEWS,CONECTAR,DESTAQUE,GVB,2022,Jan,6,Thu,17,54,38
43,GNEWS,CONECTAR,DESTAQUE,GVB,2022,Jan,6,Thu,17,46,22
44,GNEWS,CONECTAR,DESTAQUE,GVB,2022,Jan,6,Thu,17,58,10
45,GNEWS,COVID-19 - VACINAÇÃO INFANTIL,TELA,x,2022,Jan,6,Thu,7,21,56
46,GNEWS,COVID-19 - VACINAÇÃO INFANTIL,TELA,x,2022,Jan,6,Thu,7,22,6
47,GNEWS,COVID-19 - VACINAÇÃO INFANTIL,TELA,x,2022,Jan,6,Thu,7,22,14
48,GNEWS,COVID-19 - VACINAÇÃO INFANTIL,TELA,x,2022,Jan,6,Thu,7,22,48
49,GNEWS,COVID-19 - VACINAÇÃO INFANTIL,TELA,x,2022,Jan,6,Thu,7,22,54
50,GNEWS,COVID-19 - VACINAÇÃO INFANTIL,TELA,x,2022,Jan,6,Thu,7,23,7
51,GNEWS,DESAFIOS ECONOMICOS,TELA,GVB,2022,Jan,6,Thu,20,50,32
52,GNEWS,DOC EXERCITO,DESTAQUE,x,2022,Jan,6,Thu,8,39,47
53,GNEWS,DOC EXERCITO,DESTAQUE,x,2022,Jan,6,Thu,8,40,41
54,GNEWS,OPERANTAR,MAPA,x,2022,Jan,6,Thu,11,13,17
55,GNEWS,OPERANTAR,MAPA,x,2022,Jan,6,Thu,12,1,18
56,GNEWS,OPERANTAR,MAPA,x,2022,Jan,6,Thu,12,0,21
57,GNEWS,OPERANTAR,MAPA,x,2022,Jan,6,Thu,11,58,54
58,GNEWS,OPERANTAR,MAPA,x,2022,Jan,6,Thu,11,56,50
59,GNEWS,RECOMENDACOES DA ANVISA,x,x,2022,Jan,6,Thu,19,45,42
60,GNEWS,VERBAS CHUVAS,GRAFICO,KMB,2022,Jan,6,Thu,7,26,36
61,JG,NOTA SBP,x,x,2022,Jan,6,Thu,21,51,46
62,JG,NOTA SBP,x,x,2022,Jan,6,Thu,21,51,51
63,JH,ARTE 1,ARTE,KMB,2022,Jan,6,Thu,11,9,17
64,JH,ARTE 2,ARTE,KMB,2022,Jan,6,Thu,11,11,43
65,JH,ARTE 3,ARTE,KMB,2022,Jan,6,Thu,11,12,38
66,JH,EXERCITO PANDEMIA,DESTAQUE,x,2022,Jan,6,Thu,12,28,10
67,JH,EXERCITO PANDEMIA,DESTAQUE,x,2022,Jan,6,Thu,11,19,15
68,JH,EXERCITO PANDEMIA,DESTAQUE,x,2022,Jan,6,Thu,11,20,30
69,JH,EXERCITO PANDEMIA,DESTAQUE,x,2022,Jan,6,Thu,11,22,9
70,JH,EXERCITO PANDEMIA,PASSEIO,x,2022,Jan,6,Thu,10,17,13
71,JN,CERRADO,ARTE,x,2022,Jan,6,Thu,18,9,29
72,JN,CERRADO,ARTE,x,2022,Jan,6,Thu,18,9,39
73,JN,INCENTIVO CARVAO,ARTE,x,2022,Jan,6,Thu,19,34,20
74,JN,MINISTERIO DA SAUDE,DESTAQUE,x,2022,Jan,6,Thu,18,51,17
75,JN,MINISTERIO DA SAUDE,x,x,2022,Jan,6,Thu,19,17,8
0,BDBR,DOU,DESTAQUE,KMB,2022,Jan,7,Fri,8,12,31
1,BDBR,JUROS CONSUMIDOR,ARTE,GVB,2022,Jan,7,Fri,7,18,15
2,BDBR,NOTA PREFEITOS,DESTAQUE,KMB,2022,Jan,7,Fri,7,32,16
3,BDBR,NOTA PREFEITOS,DESTAQUE,KMB,2022,Jan,7,Fri,7,46,16
4,DF1,BRASILIA ILUMINADA,DESTAQUE,x,2022,Jan,7,Fri,10,33,34
5,DF1,FOTOS,FOTO,PHB,2022,Jan,7,Fri,17,20,2
6,DF1,FOTOS,FOTO,PHB,2022,Jan,7,Fri,17,21,16
7,DF1,RECICLAGEM,ARTE,x,2022,Jan,7,Fri,18,50,42
8,DF1,TAXA DE TRANSMISSAO,GRAFICO,KMB,2022,Jan,7,Fri,11,11,54
9,DF1,TEATRO NACIONAL,DESTAQUE,x,2022,Jan,7,Fri,10,59,28
10,DF1,VACINA X MORTES,ARTE,KMB,2022,Jan,7,Fri,11,2,13
11,DF2,CRECHE RECANTO,x,x,2022,Jan,7,Fri,17,49,57
12,DF2,Creche Recanto,DESTAQUE,GVB,2022,Jan,7,Fri,18,2,42
13,DF2,DESTAQUE,DESTAQUE,PHB,2022,Jan,7,Fri,16,45,7
14,DF2,DESTAQUE,DESTAQUE,PHB,2022,Jan,7,Fri,15,18,26
15,DF2,GRAFICO,GRAFICO,PHB,2022,Jan,7,Fri,16,50,39
16,DF2,GRAFICO,GRAFICO,PHB,2022,Jan,7,Fri,16,35,2
17,DF2,GRAFICO,GRAFICO,PHB,2022,Jan,7,Fri,18,7,1
18,DF2,IPHAN MINISTERIO,DESTAQUE,GVB,2022,Jan,7,Fri,16,49,2
19,DF2,IPHAN MINISTERIO,DESTAQUE,GVB,2022,Jan,7,Fri,16,49,13
20,DF2,IPHAN MINISTERIO,DESTAQUE,GVB,2022,Jan,7,Fri,16,52,59
21,DF2,IPHAN MINISTERIO,FOTO,GVB,2022,Jan,7,Fri,16,55,6
22,GE,GAMA BRASILIENSE,x,KMB,2022,Jan,7,Fri,9,23,34
23,GE,INSTAGRAM,DESTAQUE,KMB,2022,Jan,7,Fri,10,25,48
24,GE,SUPERLIGA MASCULINA,ARTE,KMB,2022,Jan,7,Fri,14,2,6
25,GNEWS,CERRADO MAPA,MAPA,x,2022,Jan,7,Fri,21,52,8
26,GNEWS,DESTAQUE,DESTAQUE,PHB,2022,Jan,7,Fri,16,43,53
27,GNEWS,DESTAQUE,DESTAQUE,PHB,2022,Jan,7,Fri,17,7,55
28,GNEWS,DESTAQUE,DESTAQUE,PHB,2022,Jan,7,Fri,16,52,10
29,GNEWS,DESTAQUE,DESTAQUE,PHB,2022,Jan,7,Fri,17,12,10
30,GNEWS,DESTAQUE,DESTAQUE,PHB,2022,Jan,7,Fri,17,27,55
31,GNEWS,DESTQUE,x,PHB,2022,Jan,7,Fri,15,3,22
32,GNEWS,ISOLAMENTO COVID,ARTE,GVB,2022,Jan,7,Fri,20,28,56
33,GNEWS,NOTA AMB,x,AMB,2022,Jan,7,Fri,17,10,43
34,GNEWS,OPERANTAR,MAPA,x,2022,Jan,7,Fri,5,26,48
35,GNEWS,OPERANTAR,MAPA,x,2022,Jan,7,Fri,5,28,31
36,GNEWS,OPERANTAR,MAPA,x,2022,Jan,7,Fri,5,32,54
37,J10,CERRADO,ARTE,x,2022,Jan,7,Fri,21,22,2
38,J10,CERRADO,ARTE,x,2022,Jan,7,Fri,22,43,24
39,JH,PEDIDO MUNICIPIOS,DESTAQUE,KMB,2022,Jan,7,Fri,11,44,37
40,JH,REFINANCIAMENTO,DESTAQUE,x,2022,Jan,7,Fri,11,50,21
0,DF1,PONTE MELCHIOR,MAPA,x,2022,Jan,8,Sat,9,33,37
1,DF1,VISTORIA MELCHIOR,DESTAQUE,x,2022,Jan,8,Sat,10,26,56
2,DF1,VISTORIA MELCHIOR,DESTAQUE,x,2022,Jan,8,Sat,10,31,2
3,DF2,MAPA,MAPA,x,2022,Jan,8,Sat,16,5,22
4,DF2,MAPA,MAPA,x,2022,Jan,8,Sat,16,19,37
5,DF2,MAPA,MAPA,x,2022,Jan,8,Sat,18,22,52
6,GE,SUPERLIGA MASCULINA,ARTE,x,2022,Jan,8,Sat,10,5,40
7,GE,TELAO MERCHAN,TELA,x,2022,Jan,8,Sat,9,31,16
8,GNEWS,NOTA ANVISA,DESTAQUE,x,2022,Jan,8,Sat,20,10,56
9,GNEWS,NOTA ANVISA,DESTAQUE,x,2022,Jan,8,Sat,20,26,39
10,JN,BARRA TORRES,DESTAQUE,x,2022,Jan,8,Sat,20,22,37
0,BDDF,ESPORTE COPA SAO PAULO,ARTE,GVB,2022,Jan,9,Sun,21,33,32
1,BDDF,ESPORTE SUPERLIGA,ARTE,GVB,2022,Jan,9,Sun,21,23,8
2,BDDF,fiscalizacoes predios,ARTE,GVB,2022,Jan,9,Sun,21,54,18
3,BDDF,LEI ENTREGADORES,ARTE,GVB,2022,Jan,9,Sun,18,12,35
4,BDDF,ONDE MAIS CHOVEU,TELA,GVB,2022,Jan,9,Sun,21,12,19
5,BDDF,PECAS CARROS,ARTE,GVB,2022,Jan,9,Sun,17,8,27
0,BDBR,REFIS,FOTO,x,2022,Jan,10,Mon,21,16,14
1,BDBR,REFIS,FOTO,x,2022,Jan,10,Mon,21,16,25
2,BDBR,REFIS,FOTO,x,2022,Jan,10,Mon,21,16,32
3,BDBR,REFIS,FOTO,x,2022,Jan,10,Mon,21,16,37
4,BDBR,REFIS,FOTO,x,2022,Jan,10,Mon,21,16,42
5,BDBR,REFIS,FOTO,x,2022,Jan,10,Mon,21,16,48
6,BDBR,REFIS,FOTO,x,2022,Jan,10,Mon,21,16,56
7,BDDF,ACHADOS E PERDIDOS,x,x,2022,Jan,10,Mon,18,53,6
8,BDDF,CHUVARADA FRIO,ARTE,GVB,2022,Jan,10,Mon,18,22,8
9,BDDF,COBERTURA VACINAL,x,x,2022,Jan,10,Mon,22,37,51
10,BDDF,CRIMES,ARTE,x,2022,Jan,10,Mon,23,37,53
11,BDDF,CRIMES,ARTE,x,2022,Jan,10,Mon,23,50,41
12,BDDF,CRIMES,ARTE,x,2022,Jan,10,Mon,23,38,3
13,BDDF,ISOLAMENTO,ARTE,x,2022,Jan,10,Mon,22,49,55
14,BDDF,LEI TATUAGEM,DESTAQUE,GVB,2022,Jan,10,Mon,21,14,2
15,DF1,ENTREGADORES,ARTE,x,2022,Jan,10,Mon,10,0,18
16,DF1,PEÇAS CARROS,ARTE,x,2022,Jan,10,Mon,8,30,14
17,GE,ACHADOS E PERDIDOS,x,x,2022,Jan,10,Mon,17,42,53
18,DF2,COVID DESTAQUE LEITOS,DESTAQUE,x,2022,Jan,10,Mon,17,55,52
19,DF2,INDICE TRANSMISSÃO,GRAFICO,GVB,2022,Jan,10,Mon,18,21,19
20,DF2,INDICE TRANSMISSÃO,GRAFICO,GVB,2022,Jan,10,Mon,18,51,36
21,DF2,TWITTER IBANEIS,x,x,2022,Jan,10,Mon,17,52,45
22,GNEWS,ALLAN ,FOTO,x,2022,Jan,10,Mon,7,45,1
23,GNEWS,ALLAN ,FOTO,x,2022,Jan,10,Mon,7,45,5
24,GNEWS,ARTE ISOLAMENTO,ARTE,x,2022,Jan,10,Mon,21,48,6
25,GNEWS,ENTREGA DE DOSES,TELA,x,2022,Jan,10,Mon,19,42,41
26,GNEWS,PREVISAO ORCAMENTO,TELA,GVB,2022,Jan,10,Mon,20,35,39
27,GNEWS,PREVISAO ORCAMENTO,TELA,GVB,2022,Jan,10,Mon,21,40,48
28,GNEWS,VACINACAO CRIANCAS,x,PHB,2022,Jan,10,Mon,15,23,2
29,GNEWS,VACINACAO CRIANCAS,ARTE,PHB,2022,Jan,10,Mon,16,0,39
30,H1,REGRAS ISOLAMENTO,x,x,2022,Jan,10,Mon,23,53,56
31,JG,ARTE ISOLAMENTO,ARTE,x,2022,Jan,10,Mon,23,24,44
32,JG,ARTE ISOLAMENTO,ARTE,x,2022,Jan,10,Mon,23,46,50
33,JH,VACINACAO CRIANCAS,ARTE,x,2022,Jan,10,Mon,13,25,23
34,JH,VACINACAO CRIANCAS,ARTE,KMB,2022,Jan,10,Mon,11,47,12
35,JH,VACINACAO CRIANCAS,ARTE,KMB,2022,Jan,10,Mon,11,48,38
36,JH,VACINACAO CRIANCAS,ARTE,x,2022,Jan,10,Mon,12,38,21
0,BDBR,DEST,x,WMB,2022,Jan,11,Tue,21,42,27
1,BDBR,TEMPO ISOLAMENTO,x,x,2022,Jan,11,Tue,0,8,29
2,BDBR,TEMPO ISOLAMENTO,x,x,2022,Jan,11,Tue,0,15,27
3,BDDF,ARTE COMBUSTIVEIS,ARTE,x,2022,Jan,11,Tue,22,1,15
4,BDDF,INSEGURANCA,GRAFICO,x,2022,Jan,11,Tue,11,2,31
5,BDDF,MAIS ALVARAS,ARTE,x,2022,Jan,11,Tue,21,41,35
6,BDDF,MENSAGEM ZAP,x,x,2022,Jan,11,Tue,21,52,43
7,BDDF,NOTA CREA,x,x,2022,Jan,11,Tue,1,4,0
8,BDDF,ONDE MAIS CHOVEU,TELA,x,2022,Jan,11,Tue,5,14,7
9,BDDF,PERSONAGENS SEM TESTE,x,x,2022,Jan,11,Tue,0,51,33
10,BDDF,SELO COVID,x,x,2022,Jan,11,Tue,5,6,26
11,BDDF,VILOES DA INFLACAO,x,x,2022,Jan,11,Tue,22,25,50
12,DF1,COVID ESCOLAS,DESTAQUE,x,2022,Jan,11,Tue,11,25,51
13,DF1,COVID ESCOLAS,DESTAQUE,x,2022,Jan,11,Tue,11,39,15
14,DF1,DENGUE,ARTE,x,2022,Jan,11,Tue,11,35,21
15,DF1,DENGUE,ARTE,x,2022,Jan,11,Tue,11,42,0
16,DF1,DENGUE,GRAFICO,x,2022,Jan,11,Tue,9,32,44
17,DF1,ESTRADAS,GRAFICO,KMB,2022,Jan,11,Tue,9,52,30
18,DF1,INSEGURANCA,GRAFICO,x,2022,Jan,11,Tue,11,3,17
19,DF1,MAPA DENGUE,MAPA,x,2022,Jan,11,Tue,9,14,42
20,DF1,MAPA DENGUE,MAPA,x,2022,Jan,11,Tue,9,29,57
21,DF1,MEDIA MOVEL,x,x,2022,Jan,11,Tue,11,29,23
22,DF1,MEDIA MOVEL,x,x,2022,Jan,11,Tue,11,26,50
23,DF1,NO FIM DAS CONTAS,ARTE,x,2022,Jan,11,Tue,11,3,21
24,DF1,NO FIM DAS CONTAS,ARTE,x,2022,Jan,11,Tue,11,2,16
25,DF1,PRAZO INSS,TELA,x,2022,Jan,11,Tue,6,55,23
26,DF1,PRAZO INSS,TELA,x,2022,Jan,11,Tue,7,22,6
27,DF1,PRAZO INSS,TELA,x,2022,Jan,11,Tue,6,55,42
28,DF1,PRAZO INSS,TELA,x,2022,Jan,11,Tue,7,22,24
29,DF1,TELA,TELA,x,2022,Jan,11,Tue,8,1,28
30,DF2,CHUVAS MAPA AREA DE RISCO,MAPA,x,2022,Jan,11,Tue,18,6,9
31,DF2,CHUVAS NO DF,ARTE,x,2022,Jan,11,Tue,17,37,45
32,DF2,COVID,DESTAQUE,GVB,2022,Jan,11,Tue,17,38,16
33,DF2,INDICE TRANSMISSÃO,GRAFICO,GVB,2022,Jan,11,Tue,18,58,23
34,DF2,MAIS ALVARAS,ARTE,GVB,2022,Jan,11,Tue,17,37,41
35,GE,ENDRICK OLE,DESTAQUE,x,2022,Jan,11,Tue,10,27,1
36,GE,ENDRICK SPORT,DESTAQUE,x,2022,Jan,11,Tue,10,27,56
37,GE,ENDRIK SA,DESTAQUE,x,2022,Jan,11,Tue,10,28,16
38,GNEWS,CARTA BANCO CENTRAL,TELA,x,2022,Jan,11,Tue,21,34,16
39,GNEWS,ARTE,ARTE,PHB,2022,Jan,11,Tue,17,39,14
40,GNEWS,ARTE,ARTE,PHB,2022,Jan,11,Tue,17,24,8
41,GNEWS,COVID,ARTE,PHB,2022,Jan,11,Tue,14,43,14
42,GNEWS,COVID,ARTE,WMB,2022,Jan,11,Tue,21,24,16
43,GNEWS,COVID,ARTE,WMB,2022,Jan,11,Tue,21,43,42
44,GNEWS,COVID,MAPA,PHB,2022,Jan,11,Tue,16,4,47
45,GNEWS,COVID,MAPA,PHB,2022,Jan,11,Tue,16,7,50
46,GNEWS,DESTAQUE,DESTAQUE,x,2022,Jan,11,Tue,20,53,42
47,GNEWS,DESTAQUE,DESTAQUE,x,2022,Jan,11,Tue,20,55,54
48,GNEWS,DESTAQUE,DESTAQUE,x,2022,Jan,11,Tue,21,1,48
49,GNEWS,INFLACAO IR,ARTE,x,2022,Jan,11,Tue,15,30,35
50,GNEWS,INPC APOSENTA,x,x,2022,Jan,11,Tue,20,52,4
51,GNEWS,INPC APOSENTA,x,x,2022,Jan,11,Tue,21,36,34
52,GNEWS,VACINA CRIANCAS,MAPA,KMB,2022,Jan,11,Tue,14,18,5
53,GNEWS,VACINA CRIANCAS,MAPA,PHB,2022,Jan,11,Tue,16,55,37
54,H1,-,x,x,2022,Jan,11,Tue,23,14,57
55,JG,Regularizacao,x,x,2022,Jan,11,Tue,23,12,58
56,JG,novo,x,x,2022,Jan,11,Tue,23,28,20
57,JH,COVID INDIOS,ARTE,x,2022,Jan,11,Tue,11,18,30
58,JH,COVID INDIOS,DESTAQUE,x,2022,Jan,11,Tue,11,28,17
59,JH,COVID INDIOS,DESTAQUE,x,2022,Jan,11,Tue,11,37,51
60,JH,COVID INDIOS,MAPA,x,2022,Jan,11,Tue,11,38,34
61,JH,COVID INDIOS,MAPA,x,2022,Jan,11,Tue,11,43,43
62,JH,COVID INDIOS,DESTAQUE,x,2022,Jan,11,Tue,11,21,47
63,JH,VACINA CRIANCAS,x,KMB,2022,Jan,11,Tue,13,2,3
64,JH,VACINA CRIANCAS,x,KMB,2022,Jan,11,Tue,13,3,35
65,JN,INPC APOSENTADORIA,x,WMB,2022,Jan,11,Tue,19,54,44
0,BDBR,DIARIO OFICIAL,DESTAQUE,x,2022,Jan,12,Wed,8,53,0
1,BDBR,FOTOS VACINACAO,FOTO,x,2022,Jan,12,Wed,22,31,26
2,BDBR,FOTOS VACINACAO,FOTO,x,2022,Jan,12,Wed,22,31,21
3,BDBR,INFLACAO GRAFICO,GRAFICO,x,2022,Jan,12,Wed,0,56,26
4,BDBR,INFLACAO GRAFICO,GRAFICO,x,2022,Jan,12,Wed,0,57,57
5,BDBR,INFLACAO GRAFICO,GRAFICO,x,2022,Jan,12,Wed,7,38,58
6,BDBR,REGULARIZA DIVIDA 03,x,x,2022,Jan,12,Wed,8,8,18
7,BDBR,REGULARIZA DIVIDA,x,x,2022,Jan,12,Wed,0,18,15
8,BDBR,REGULARIZA DIVIDA,x,x,2022,Jan,12,Wed,8,9,0
9,BDBR,REGULARIZA DIVIDA,ARTE,x,2022,Jan,12,Wed,7,27,43
10,BDBR,REGULARIZA DIVIDA,ARTE,x,2022,Jan,12,Wed,7,34,15
11,BDBR,REGULARIZA DIVIDA,ARTE,x,2022,Jan,12,Wed,7,42,39
12,BDDF,COMBUSTIVEIS,ARTE,x,2022,Jan,12,Wed,5,34,46
13,BDDF,CRONICA CAFEZINHO,x,GVB,2022,Jan,12,Wed,22,55,49
14,BDDF,DINHEIRO EM CIRCULACAO,x,x,2022,Jan,12,Wed,22,43,29
15,BDDF,MARE ALTA,DESTAQUE,x,2022,Jan,12,Wed,7,11,0
16,BDDF,MARE ALTA,DESTAQUE,x,2022,Jan,12,Wed,8,33,51
17,BDDF,MASCARAS,ARTE,x,2022,Jan,12,Wed,5,30,49
18,BDDF,MASCARAS,ARTE,x,2022,Jan,12,Wed,6,28,39
19,BDDF,MASCARAS,ARTE,x,2022,Jan,12,Wed,5,54,16
20,BDDF,MEDIDAS DE RESTRICAO,x,x,2022,Jan,12,Wed,23,19,7
21,BDDF,REGRAS,ARTE,x,2022,Jan,12,Wed,23,42,12
22,BDDF,REGRAS,ARTE,x,2022,Jan,12,Wed,23,42,22
23,BDDF,REGRAS,ARTE,x,2022,Jan,12,Wed,23,42,2
24,BDDF,TAXA DE TRANSMISSAO.1,x,x,2022,Jan,12,Wed,22,4,52
25,BDDF,VACINACAO CRIANCAS,x,x,2022,Jan,12,Wed,23,0,25
26,DF1,INFLACAO,ARTE,x,2022,Jan,12,Wed,11,29,18
27,DF1,ISOLAMENTO PACIENTES,ARTE,x,2022,Jan,12,Wed,11,57,37
28,DF1,MARE ALTA,DESTAQUE,x,2022,Jan,12,Wed,10,40,4
29,DF1,MARE ALTA,DESTAQUE,x,2022,Jan,12,Wed,10,16,52
30,DF1,MARE ALTA,DESTAQUE,x,2022,Jan,12,Wed,10,37,37
31,DF1,PREGUNTE AO DOUTOR,ARTE,x,2022,Jan,12,Wed,8,12,6
32,DF1,PREGUNTE AO DOUTOR,ARTE,x,2022,Jan,12,Wed,7,38,36
33,DF1,PREGUNTE AO DOUTOR,ARTE,x,2022,Jan,12,Wed,8,12,6
34,DF1,VACINA DE REFORÇO,ARTE,x,2022,Jan,12,Wed,10,24,22
35,DF2,AULAS PRATICAS,x,x,2022,Jan,12,Wed,17,20,9
36,DF2,DESTAQUE,DESTAQUE,PHB,2022,Jan,12,Wed,18,32,0
37,DF2,ERRO MEDICO,DESTAQUE,GVB,2022,Jan,12,Wed,17,44,16
38,DF2,ERRO MEDICO,DESTAQUE,GVB,2022,Jan,12,Wed,17,44,31
39,DF2,ERRO MEDICO,DESTAQUE,GVB,2022,Jan,12,Wed,18,37,2
40,DF2,ERRO MEDICO,DESTAQUE,GVB,2022,Jan,12,Wed,17,44,44
41,DF2,ERRO MEDICO,DESTAQUE,GVB,2022,Jan,12,Wed,17,44,58
42,DF2,ERRO MEDICO,DESTAQUE,GVB,2022,Jan,12,Wed,17,45,13
43,DF2,Regularizacao de condominios,ARTE,GVB,2022,Jan,12,Wed,18,40,30
44,DF2,REGULARIZACAO SOL NASCENTE,x,x,2022,Jan,12,Wed,18,11,54
45,DF2,VACINACAO CONTRA COVID,x,x,2022,Jan,12,Wed,17,53,52
46,DF2,VIDEO,PASSEIO,PHB,2022,Jan,12,Wed,17,36,44
47,DF2,VIDEO,x,PHB,2022,Jan,12,Wed,17,37,49
48,GNEWS,DESTAQUE,DESTAQUE,x,2022,Jan,12,Wed,19,43,10
49,GNEWS,LABORATORIOS,DESTAQUE,x,2022,Jan,12,Wed,17,36,49
50,GNEWS,OBITOS,x,x,2022,Jan,12,Wed,21,25,15
51,GNEWS,CONTA DE LUZ DISPAROU,x,x,2022,Jan,12,Wed,21,41,11
52,GNEWS,DOACAO DE SANGUE,ARTE,KLB,2022,Jan,12,Wed,15,28,26
53,GNEWS,DOACAO DE SANGUE,ARTE,PHB,2022,Jan,12,Wed,15,26,46
54,GNEWS,DOACAO DE SANGUE,ARTE,KLB,2022,Jan,12,Wed,15,27,43
55,GNEWS,ENERGIA X INFLACAO,x,x,2022,Jan,12,Wed,21,41,7
56,GNEWS,ENERGIA X INFLACAO,x,x,2022,Jan,12,Wed,22,8,3
57,GNEWS,FUNDO,x,x,2022,Jan,12,Wed,17,57,2
58,GNEWS,INFLACAO,ARTE,x,2022,Jan,12,Wed,7,50,25
59,GNEWS,NOTA TECNICA,DESTAQUE,x,2022,Jan,12,Wed,19,52,21
60,GNEWS,NOTA TECNICA,DESTAQUE,x,2022,Jan,12,Wed,19,52,31
61,GNEWS,TESTES PARA COVID,x,x,2022,Jan,12,Wed,19,13,17
62,GNEWS,TESTES PARA COVID,x,x,2022,Jan,12,Wed,20,3,47
63,GNEWS,VACINAS CRIANCAS,x,x,2022,Jan,12,Wed,20,42,31
64,H1,corrige desconto,x,x,2022,Jan,12,Wed,0,2,59
65,GE,corrige desconto,x,x,2022,Jan,12,Wed,0,4,5
66,JH,CLASSE EXECUTIVA,DESTAQUE,x,2022,Jan,12,Wed,11,0,16
67,JH,DOAÇÃO DE SANGUE,ARTE,x,2022,Jan,12,Wed,11,16,4
68,JH,DOAÇÃO DE SANGUE,ARTE,x,2022,Jan,12,Wed,11,24,3
69,JH,DOAÇÃO DE SANGUE,ARTE,x,2022,Jan,12,Wed,12,9,13
0,BDBR,MAPA,MAPA,x,2022,Jan,13,Thu,22,44,15
1,BDBR,AUTOTESTE,ARTE,x,2022,Jan,13,Thu,22,48,11
2,BDDF,FEMINICIDIO,x,x,2022,Jan,13,Thu,0,33,24
3,BDDF,LEI,x,x,2022,Jan,13,Thu,21,22,38
4,BDDF,DENGUE,ARTE,x,2022,Jan,13,Thu,22,29,45
5,BDDF,DENGUE,ARTE,x,2022,Jan,13,Thu,21,59,52
6,BDDF,DENGUE,ARTE,x,2022,Jan,13,Thu,21,54,54
7,BDDF,DENGUE,ARTE,x,2022,Jan,13,Thu,22,23,46
8,BDDF,FATO OU FAKE,x,x,2022,Jan,13,Thu,5,15,8
9,BDDF,FATO OU FAKE,x,x,2022,Jan,13,Thu,5,15,25
10,BDDF,GOLPE PIX,DESTAQUE,x,2022,Jan,13,Thu,5,6,8
11,BDDF,GOLPE PIX,DESTAQUE,x,2022,Jan,13,Thu,5,9,46
12,BDDF,PAPA ENTULHO,MAPA,GVB,2022,Jan,13,Thu,18,21,39
13,BDDF,ROUBOS,x,PHB,2022,Jan,13,Thu,19,43,13
14,BDDF,TESTES DE COVID,x,x,2022,Jan,13,Thu,22,59,32
15,BDDF,TWITTER IBANEIS,x,x,2022,Jan,13,Thu,22,34,1
16,x,DECISAO PAULO OCTAVIO,DESTAQUE,x,2022,Jan,13,Thu,17,48,25
17,x,DECISAO PAULO OCTAVIO,DESTAQUE,x,2022,Jan,13,Thu,17,30,36
18,x,DECISAO PAULO OCTAVIO,DESTAQUE,x,2022,Jan,13,Thu,17,40,57
19,x,DECISAO PAULO OCTAVIO,DESTAQUE,x,2022,Jan,13,Thu,17,46,35
20,x,DECISAO PAULO OCTAVIO,DESTAQUE,x,2022,Jan,13,Thu,17,53,43
21,DF1,CANCELA SHOWS,ARTE,x,2022,Jan,13,Thu,11,12,57
22,DF1,FEMINICIDIO,ARTE,x,2022,Jan,13,Thu,10,40,59
23,DF1,FEMINICIDIO,MAPA,x,2022,Jan,13,Thu,11,51,1
24,DF1,MORRO DO SABAO,DESTAQUE,x,2022,Jan,13,Thu,10,28,12
25,DF1,MORRO DO SABAO,DESTAQUE,x,2022,Jan,13,Thu,10,16,10
26,DF1,MORRO DO SABAO,DESTAQUE,x,2022,Jan,13,Thu,10,7,55
27,DF1,MORRO DO SABAO,MAPA,KMB,2022,Jan,13,Thu,8,40,41
28,DF1,VACINACAO CRIANCAS,ARTE,KMB,2022,Jan,13,Thu,11,10,22
29,DF2,COVID,ARTE,x,2022,Jan,13,Thu,18,56,59
30,DF2,COVID,ARTE,x,2022,Jan,13,Thu,18,42,14
31,DF2,COVID,ARTE,x,2022,Jan,13,Thu,18,22,21
32,DF2,EMAIL EDUCACAO,x,x,2022,Jan,13,Thu,17,18,29
33,GNEWS,DESATQUE,x,PHB,2022,Jan,13,Thu,16,54,59
34,GNEWS,DESTAQUE,DESTAQUE,PHB,2022,Jan,13,Thu,20,13,51
35,GNEWS,DESTAQUE,DESTAQUE,PHB,2022,Jan,13,Thu,16,19,22
36,GNEWS,DESTAQUE,DESTAQUE,PHB,2022,Jan,13,Thu,16,54,45
37,GNEWS,TWITTER CIRO GOMES,x,x,2022,Jan,13,Thu,20,27,48
38,GNEWS,TWITTER CIRO GOMES,PASSEIO,x,2022,Jan,13,Thu,20,22,11
39,GNEWS,TWITTER FELIPE D'AVILA,x,x,2022,Jan,13,Thu,20,12,33
40,GNEWS,TWITTER JOAO DORIA,x,x,2022,Jan,13,Thu,20,18,2
41,H1,AUTOTESTE,ARTE,x,2022,Jan,13,Thu,21,54,28
42,J10,NOTA ANVISA,PASSEIO,x,2022,Jan,13,Thu,20,40,14
43,J10,NOTA TECNICA,DESTAQUE,x,2022,Jan,13,Thu,20,35,34
44,J10,TWITTER,x,x,2022,Jan,13,Thu,20,43,20
45,JG,AUTOTESTE,ARTE,x,2022,Jan,13,Thu,21,42,28
46,JG,AUTOTESTE,DESTAQUE,x,2022,Jan,13,Thu,22,4,41
47,JH,ORCAMENTO,DESTAQUE,x,2022,Jan,13,Thu,11,4,6
48,JH,ORCAMENTO,DESTAQUE,x,2022,Jan,13,Thu,12,51,31
49,JN,AUTOTESTE,ARTE,x,2022,Jan,13,Thu,20,23,21
50,JN,AUTOTESTE,DESTAQUE,x,2022,Jan,13,Thu,20,14,39
51,JN,AUTOTESTE,DESTAQUE,x,2022,Jan,13,Thu,20,14,49
52,JN,AUTOTESTE,DESTAQUE,x,2022,Jan,13,Thu,20,14,32
0,BDBR,LETTERING,x,x,2022,Jan,14,Fri,20,20,46
1,BDDF,TESTES POSITIVOS,GRAFICO,x,2022,Jan,14,Fri,0,4,14
2,BDDF,TWITTER IBANEIS,x,x,2022,Jan,14,Fri,5,7,36
3,DF1,AGRESSAO MAC,DESTAQUE,x,2022,Jan,14,Fri,11,13,51
4,DF1,AGRESSAO MAC,DESTAQUE,x,2022,Jan,14,Fri,9,57,5
5,DF1,NOVOS LEITOS,ARTE,x,2022,Jan,14,Fri,21,42,24
6,DF1,OCUPACAO LEITOS,DESTAQUE,x,2022,Jan,14,Fri,9,14,53
7,DF1,OCUPACAO LEITOS,DESTAQUE,x,2022,Jan,14,Fri,9,28,52
8,DF1,RESSONANCIA,DESTAQUE,x,2022,Jan,14,Fri,9,57,40
9,DF1,RESSONANCIA,DESTAQUE,x,2022,Jan,14,Fri,10,0,27
10,DF1,RESSONANCIA,DESTAQUE,x,2022,Jan,14,Fri,10,2,26
11,DF1,RESSONANCIA,PASSEIO,x,2022,Jan,14,Fri,10,30,22
12,DF1,VACINACAO CRIANCAS,ARTE,x,2022,Jan,14,Fri,11,43,21
13,DF1,VACINACAO CRIANCAS,ARTE,x,2022,Jan,14,Fri,11,45,10
14,DF1,VACINACAO CRIANCAS,ARTE,x,2022,Jan,14,Fri,11,47,29
15,DF1,VACINACAO CRIANCAS,MAPA,x,2022,Jan,14,Fri,10,44,27
16,DF1,VACINACAO CRIANCAS,MAPA,x,2022,Jan,14,Fri,15,5,32
17,DF2,COVID,x,x,2022,Jan,14,Fri,17,34,54
18,GE,COVID,x,x,2022,Jan,14,Fri,17,25,53
19,DF2,COVID,DESTAQUE,x,2022,Jan,14,Fri,17,27,4
20,DF2,GOLPE REDES SOCIAIS,DESTAQUE,x,2022,Jan,14,Fri,17,10,8
21,DF2,GOLPE REDES SOCIAIS,x,x,2022,Jan,14,Fri,18,18,7
22,DF2,GOLPE REDES SOCIAIS,PASSEIO,x,2022,Jan,14,Fri,17,51,43
23,GE,FOTOS 01 SELVAGEM E LIVRE,FOTO,x,2022,Jan,14,Fri,23,13,26
24,x,FOTOS 02 PIGCASSO TELA,FOTO,x,2022,Jan,14,Fri,23,14,5
25,x,FOTOS 03 mascote,FOTO,x,2022,Jan,14,Fri,23,14,12
26,x,FOTOS 04 pintura vini,FOTO,x,2022,Jan,14,Fri,23,14,14
27,GE,DJOKO,DESTAQUE,KMB,2022,Jan,14,Fri,11,4,29
28,GNEWS,ARTE,ARTE,x,2022,Jan,14,Fri,21,11,7
29,GNEWS,ARTE,ARTE,x,2022,Jan,14,Fri,21,3,19
30,GNEWS,CALENDARIO ENTREGA ARTE,ARTE,x,2022,Jan,14,Fri,18,51,48
31,GNEWS,CALENDÁRIO,ARTE,PHB,2022,Jan,14,Fri,15,10,21
32,J10,JOGO,x,x,2022,Jan,14,Fri,22,8,9
33,J10,JOGO,x,x,2022,Jan,14,Fri,22,0,6
34,JH,ARTE 1,ARTE,KMB,2022,Jan,14,Fri,12,13,46
35,JH,ARTE 2,ARTE,KMB,2022,Jan,14,Fri,12,14,9
36,JH,ARTE 3,ARTE,KMB,2022,Jan,14,Fri,12,14,26
37,JH,DECRETO LUZ,DESTAQUE,KMB,2022,Jan,14,Fri,13,22,43
38,JH,DECRETO LUZ,DESTAQUE,KMB,2022,Jan,14,Fri,13,19,13
39,JH,VACINACAO CRIANCAS,ARTE,x,2022,Jan,14,Fri,12,21,2
40,JH,VACINACAO CRIANCAS,ARTE,x,2022,Jan,14,Fri,12,36,25
0,DF1,CINE ITAPUA,DESTAQUE,KMB,2022,Jan,15,Sat,11,30,7
1,DF1,TELAO LEITOS,ARTE,x,2022,Jan,15,Sat,11,49,49
2,DF1,VACINACAO ADULTOS,ARTE,KMB,2022,Jan,15,Sat,9,1,5
3,DF2,MEDIA CASOS,ARTE,x,2022,Jan,15,Sat,17,32,16
4,DF2,MEDICOS NOVO HOSPITAL,DESTAQUE,KMB,2022,Jan,15,Sat,16,2,21
5,DF2,MEDICOS NOVO HOSPITAL,DESTAQUE,KMB,2022,Jan,15,Sat,16,22,47
6,GE,TESTAGEM DE COVID,x,x,2022,Jan,15,Sat,18,34,18
7,x,FOTOS 05 TELAS,FOTO,x,2022,Jan,15,Sat,17,0,25
8,x,FOTOS 06 TELAS BOSSA NOVA,FOTO,x,2022,Jan,15,Sat,17,1,44
9,x,PIGCASSO,x,x,2022,Jan,15,Sat,16,55,39
10,x,PIGCASSO,x,x,2022,Jan,15,Sat,16,53,51
11,GE,PONTO COM,x,x,2022,Jan,15,Sat,11,57,34
12,GNEWS,CERIMONIA PUBLICA,FOTO,KMB,2022,Jan,15,Sat,13,22,47
13,GNEWS,CERIMONIA PUBLICA,FOTO,KMB,2022,Jan,15,Sat,18,20,14
14,GNEWS,CORONAVIRUS BRASIL,DESTAQUE,KMB,2022,Jan,15,Sat,12,56,32
15,GNEWS,NOVOS LEITOS,ARTE,x,2022,Jan,15,Sat,11,27,37
16,GNEWS,REAJUSTE COMBUSTIVEIS,ARTE,KMB,2022,Jan,15,Sat,16,13,16
17,JH,CERIMONIA PUBLICA,FOTO,KMB,2022,Jan,15,Sat,12,12,29
18,JH,CERIMONIA PUBLICA,FOTO,KMB,2022,Jan,15,Sat,12,44,21
19,JN,CERIMONIA PUBLICA,FOTO,KMB,2022,Jan,15,Sat,16,27,46
20,JN,CERIMONIA PUBLICA,FOTO,KMB,2022,Jan,15,Sat,18,22,4
21,JN,DIARIO OFICIAL,DESTAQUE,KMB,2022,Jan,15,Sat,19,15,25
0,BDBR,DIARIO OFICIAL,DESTAQUE,x,2022,Jan,16,Sun,18,27,7
1,BDBR,DIARIO OFICIAL,DESTAQUE,x,2022,Jan,16,Sun,18,27,19
2,BDDF,TRANSPORTE,x,x,2022,Jan,16,Sun,19,47,49
3,BDDF,APREENSAO DROGAS,x,x,2022,Jan,16,Sun,18,1,42
4,BDDF,FISCALIZACAO DF LEGAL,x,x,2022,Jan,16,Sun,18,38,47
5,BDDF,FURTO COMERCIO,x,x,2022,Jan,16,Sun,19,29,7
6,BDDF,GRAFICO INFLACAO,GRAFICO,x,2022,Jan,16,Sun,17,37,19
7,BDDF,LOCAIS DE VACINACAO,x,x,2022,Jan,16,Sun,21,6,5
8,BDDF,ROUBO COMERCIO,x,x,2022,Jan,16,Sun,19,4,25
9,x,ARTE,ARTE,x,2022,Jan,16,Sun,17,47,39
10,x,ARTE,ARTE,x,2022,Jan,16,Sun,17,47,52
11,x,ARTE,ARTE,x,2022,Jan,16,Sun,17,48,4
12,x,ARTE,ARTE,x,2022,Jan,16,Sun,17,48,16
13,x,ARTE,ARTE,x,2022,Jan,16,Sun,17,48,29
14,GNEWS,CALENDARIO VACINACAO,x,x,2022,Jan,16,Sun,17,24,37
0,BDBR,AUMENTO SAUDE,x,x,2022,Jan,17,Mon,22,21,38
1,BDBR,AUMENTO SAUDE,x,x,2022,Jan,17,Mon,23,27,45
2,BDDF,ANTIGENO,x,x,2022,Jan,17,Mon,23,34,50
3,BDDF,PCR,x,x,2022,Jan,17,Mon,23,33,54
4,BDDF,PRECO,x,x,2022,Jan,17,Mon,20,49,1
5,BDDF,MULTAS DETRAN,ARTE,x,2022,Jan,17,Mon,20,34,42
6,BDDF,QUEM PODE TESTAR vale esse,x,x,2022,Jan,17,Mon,21,37,33
7,BDDF,QUEM PODE TESTAR,x,x,2022,Jan,17,Mon,21,35,16
8,BDDF,SELO VACINAÇÃO INFANTIL,x,x,2022,Jan,17,Mon,5,10,14
9,BDDF,SITE REMEDIOS,PASSEIO,x,2022,Jan,17,Mon,22,28,39
10,BDDF,SITE REMEDIOS,PASSEIO,x,2022,Jan,17,Mon,22,2,45
11,DF1,EMPRESTIMO,x,x,2022,Jan,17,Mon,20,0,46
12,DF1,MASCARAS,ARTE,x,2022,Jan,17,Mon,11,22,4
13,DF1,METEORO,MAPA,x,2022,Jan,17,Mon,10,0,44
14,DF2,DESTAQUE,DESTAQUE,PHB,2022,Jan,17,Mon,17,36,35
15,DF2,DESTAQUE,DESTAQUE,PHB,2022,Jan,17,Mon,17,54,52
16,DF2,DESTAQUE,DESTAQUE,PHB,2022,Jan,17,Mon,18,1,10
17,DF2,DESTAQUE,DESTAQUE,PHB,2022,Jan,17,Mon,18,2,54
18,DF2,DESTAQUE,DESTAQUE,PHB,2022,Jan,17,Mon,17,18,47
19,DF2,PROJETO CAVE GUARA,FOTO,x,2022,Jan,17,Mon,17,57,35
20,DF2,TCDF DESTAQUE NOTA,DESTAQUE,x,2022,Jan,17,Mon,18,1,23
21,DF2,TCDF,DESTAQUE,x,2022,Jan,17,Mon,17,58,58
22,DF2,UTI COVID,DESTAQUE,x,2022,Jan,17,Mon,16,50,26
23,DF2,UTI COVID,DESTAQUE,x,2022,Jan,17,Mon,16,56,0
24,DF2,UTI COVID,DESTAQUE,x,2022,Jan,17,Mon,16,59,57
25,x,CADE DIRETOR,DESTAQUE,x,2022,Jan,17,Mon,10,39,38
26,x,CADE DIRETOR,FOTO,x,2022,Jan,17,Mon,10,31,0
27,x,CADE DIRETOR,x,x,2022,Jan,17,Mon,11,21,47
28,x,CADE DIRETOR,x,x,2022,Jan,17,Mon,17,17,9
29,GE,BRASILIA VOLEI,DESTAQUE,KMB,2022,Jan,17,Mon,9,35,22
30,GE,BRASILIA VOLEI,DESTAQUE,KMB,2022,Jan,17,Mon,9,40,19
31,GE,REAL MADRID,ARTE,x,2022,Jan,17,Mon,9,40,28
32,GE,TELAO MERCHAN,TELA,x,2022,Jan,17,Mon,9,14,25
33,JH,PERICIA INSS,DESTAQUE,x,2022,Jan,17,Mon,11,12,26
34,JH,PERICIA INSS,DESTAQUE,x,2022,Jan,17,Mon,12,3,5
35,JH,PERICIA INSS,DESTAQUE,x,2022,Jan,17,Mon,12,43,27
36,JH,PERICIA INSS,DESTAQUE,x,2022,Jan,17,Mon,11,51,34
0,BDDF,AUTO ESCOLAS,DESTAQUE,x,2022,Jan,18,Tue,20,31,13
1,BDDF,AUTO ESCOLAS,DESTAQUE,x,2022,Jan,18,Tue,20,35,13
2,BDDF,GE,x,PHB,2022,Jan,18,Tue,21,0,27
3,BDDF,GE,x,PHB,2022,Jan,18,Tue,20,3,2
4,BDDF,ICDF,ARTE,x,2022,Jan,18,Tue,18,52,4
5,BDDF,ONDE,ARTE,x,2022,Jan,18,Tue,22,22,8
6,BDDF,PRECO NO BOLSO,ARTE,x,2022,Jan,18,Tue,5,17,6
7,BDDF,ROUBO EM ONIBUS,x,x,2022,Jan,18,Tue,22,57,20
8,BDDF,SELO COVID 03,x,x,2022,Jan,18,Tue,5,8,51
9,DF1,COVID SEGUNDA,ARTE,KMB,2022,Jan,18,Tue,10,49,32
10,DF1,FECHA CAMARA,DESTAQUE,KMB,2022,Jan,18,Tue,8,52,18
11,DF1,FECHA CAMARA,x,x,2022,Jan,18,Tue,8,57,46
12,DF1,TESTE FARMACIA,ARTE,KMB,2022,Jan,18,Tue,11,53,49
13,DF1,VACINACAO INFANTIL,ARTE,KMB,2022,Jan,18,Tue,10,13,2
14,DF1,VACINACAO INFANTIL,MAPA,x,2022,Jan,18,Tue,10,17,26
15,DF2,AULAS,x,x,2022,Jan,18,Tue,17,51,22
16,DF2,AULAS,x,x,2022,Jan,18,Tue,18,15,34
17,DF2,AULAS,x,x,2022,Jan,18,Tue,18,38,4
18,DF2,AULAS,x,x,2022,Jan,18,Tue,17,28,49
19,DF2,ICDF,ARTE,x,2022,Jan,18,Tue,16,50,58
20,DF2,ISENCAO,ARTE,x,2022,Jan,18,Tue,18,34,14
21,DF2,MAPA,MAPA,PHB,2022,Jan,18,Tue,17,20,14
22,DF2,TWITTER IBANEIS,x,x,2022,Jan,18,Tue,18,21,25
23,GE,COPA BRASIL,ARTE,x,2022,Jan,18,Tue,10,37,21
24,GNEWS,AUXILIO GAS,x,x,2022,Jan,18,Tue,20,31,32
25,H1,ARTE,ARTE,x,2022,Jan,18,Tue,22,50,21
26,J10,JOGO,TELA,x,2022,Jan,18,Tue,20,56,34
27,JG,ARTE,ARTE,x,2022,Jan,18,Tue,22,23,26
28,JG,ARTE,ARTE,x,2022,Jan,18,Tue,22,46,21
29,JG,NOTA ANAC,DESTAQUE,x,2022,Jan,18,Tue,20,7,22
30,GE,AUXILIO GAS PASSAGEM,x,x,2022,Jan,18,Tue,20,22,15
31,JN,AUXILIO GAS,x,x,2022,Jan,18,Tue,19,20,23
0,BDBR,TESTES POSITIVOS,ARTE,x,2022,Jan,19,Wed,23,43,8
1,BDDF,ESCOLAS,x,x,2022,Jan,19,Wed,23,15,23
2,BDDF,CASOS COVID,TELA,GVB,2022,Jan,19,Wed,22,17,18
3,BDDF,ESCASSEZ HIDRICA,TELA,GVB,2022,Jan,19,Wed,19,40,37
4,BDDF,EXPLICA HIDRELETRICAS,ARTE,x,2022,Jan,19,Wed,12,21,21
5,BDDF,IMOVEIS,ARTE,x,2022,Jan,19,Wed,23,17,24
6,BDDF,IMOVEIS,ARTE,x,2022,Jan,19,Wed,23,36,41
7,BDDF,IMOVEIS,ARTE,x,2022,Jan,19,Wed,23,46,7
8,BDDF,LEITOS,DESTAQUE,KMB,2022,Jan,19,Wed,7,40,27
9,BDDF,NUMEROS,x,x,2022,Jan,19,Wed,22,21,7
10,BDDF,OBRAS,x,x,2022,Jan,19,Wed,22,42,38
11,BDDF,OBRAS,x,x,2022,Jan,19,Wed,22,48,5
12,BDDF,REGRAS EM VIGOR,ARTE,x,2022,Jan,19,Wed,20,50,37
13,BDDF,SELO VACINAÇÃO 02,x,x,2022,Jan,19,Wed,5,21,48
14,BDDF,UNIFORMES,ARTE,x,2022,Jan,19,Wed,8,6,59
15,DF1,ESCORPIÕES,ARTE,x,2022,Jan,19,Wed,11,28,23
16,DF1,ESCORPIÕES,ARTE,x,2022,Jan,19,Wed,11,17,48
17,DF1,NUVEM,ARTE,KMB,2022,Jan,19,Wed,9,1,28
18,DF1,NUVEM,ARTE,KMB,2022,Jan,19,Wed,9,20,28
19,DF1,PERGUNTE AO DOUTOR,ARTE,x,2022,Jan,19,Wed,8,12,10
20,DF1,RESSONANCIA 2,DESTAQUE,x,2022,Jan,19,Wed,8,15,21
21,DF1,RESSONANCIA 2,DESTAQUE,x,2022,Jan,19,Wed,8,16,36
22,DF1,RESSONANCIA 2,DESTAQUE,x,2022,Jan,19,Wed,9,51,46
23,DF1,RESSONANCIA 2,DESTAQUE,x,2022,Jan,19,Wed,8,32,12
24,DF1,ROUBOS ONIBUS,ARTE,x,2022,Jan,19,Wed,10,53,54
25,DF1,SEM PAGAMENTO,ARTE,x,2022,Jan,19,Wed,10,54,46
26,DF1,SEM PAGAMENTO,DESTAQUE,x,2022,Jan,19,Wed,11,34,48
27,DF1,SEM PAGAMENTO,DESTAQUE,x,2022,Jan,19,Wed,12,1,52
28,DF1,SEM PAGAMENTO,DESTAQUE,x,2022,Jan,19,Wed,11,35,28
29,DF1,SEM PAGAMENTO,DESTAQUE,x,2022,Jan,19,Wed,11,34,0
30,DF1,UNIFORMES,ARTE,x,2022,Jan,19,Wed,8,7,56
31,DF1,UNIFORMES,ARTE,x,2022,Jan,19,Wed,10,31,28
32,DF1,VACINACAO INFANTIL,ARTE,x,2022,Jan,19,Wed,10,36,55
33,DF1,VACINAÇÃO INFANTIL,ARTE,x,2022,Jan,19,Wed,10,5,8
34,DF2,BECOS DO GAMA,DESTAQUE,KLB,2022,Jan,19,Wed,15,22,10
35,DF2,BECOS DO GAMA,DESTAQUE,KLB,2022,Jan,19,Wed,15,24,45
36,DF2,BECOS DO GAMA,DESTAQUE,KLB,2022,Jan,19,Wed,18,58,46
37,DF2,BECOS DO GAMA,DESTAQUE,KLB,2022,Jan,19,Wed,15,26,38
38,DF2,BECOS DO GAMA,DESTAQUE,KLB,2022,Jan,19,Wed,19,0,9
39,DF2,BECOS DO GAMA,DESTAQUE,KLB,2022,Jan,19,Wed,15,28,25
40,DF2,BUS AEROPORTO,ARTE,KLB,2022,Jan,19,Wed,16,55,20
41,DF2,BUS AEROPORTO,ARTE,KLB,2022,Jan,19,Wed,16,45,32
42,DF2,LEITOS COVID,DESTAQUE,x,2022,Jan,19,Wed,17,29,22
43,DF2,LEITOS COVID,DESTAQUE,x,2022,Jan,19,Wed,17,32,55
44,DF2,LEITOS COVID,DESTAQUE,x,2022,Jan,19,Wed,17,36,0
45,DF2,MP VACINA,DESTAQUE,x,2022,Jan,19,Wed,17,46,1
46,DF2,MP VACINA,DESTAQUE,x,2022,Jan,19,Wed,17,22,43
47,DF2,PLACAS IRREGULARES,DESTAQUE,GVB,2022,Jan,19,Wed,17,51,53
48,DF2,TRANSPORTE ESCOLAR,DESTAQUE,x,2022,Jan,19,Wed,16,30,4
49,DF2,TRANSPORTE ESCOLAR,DESTAQUE,x,2022,Jan,19,Wed,16,40,11
50,DF2,TRANSPORTE ESCOLAR,DESTAQUE,x,2022,Jan,19,Wed,16,35,37
51,GE,COPA SP JUNIOR,ARTE,x,2022,Jan,19,Wed,10,36,54
52,GE,TELA VERTICAL,DESTAQUE,KMB,2022,Jan,19,Wed,10,32,18
53,GNEWS,AGU FUNDO ELEITORAL,DESTAQUE,x,2022,Jan,19,Wed,17,48,40
54,GNEWS,AGU FUNDO ELEITORAL,DESTAQUE,x,2022,Jan,19,Wed,16,39,37
55,GNEWS,AGU FUNDO ELEITORAL,PASSEIO,x,2022,Jan,19,Wed,18,25,45
56,GNEWS,AGU FUNDO ELEITORAL,PASSEIO,x,2022,Jan,19,Wed,18,8,2
57,GNEWS,ECA,DESTAQUE,x,2022,Jan,19,Wed,21,9,49
58,GNEWS,ECA,DESTAQUE,x,2022,Jan,19,Wed,21,22,58
59,H1,FUNDO ELEITORAL,x,x,2022,Jan,19,Wed,22,40,32
60,JG,FUNDO ELEITORAL,x,x,2022,Jan,19,Wed,22,12,20
61,JH,AUTOTESTE,DESTAQUE,x,2022,Jan,19,Wed,12,27,37
62,JN,FUNDAO E ORCAMENTO,DESTAQUE,x,2022,Jan,19,Wed,18,57,40
63,JN,FUNDAO E ORCAMENTO,DESTAQUE,x,2022,Jan,19,Wed,18,57,14
64,JN,FUNDAO E ORCAMENTO,DESTAQUE,x,2022,Jan,19,Wed,18,43,6
65,JN,FUNDAO E ORCAMENTO,x,x,2022,Jan,19,Wed,19,44,8
66,x,NOVA 1901,x,x,2022,Jan,19,Wed,11,13,49
0,BDBR,NOTA MS,DESTAQUE,x,2022,Jan,20,Thu,23,27,9
1,BDBR,TESTE PLANO,ARTE,x,2022,Jan,20,Thu,7,53,34
2,BDBR,TESTES POSITIVOS,ARTE,x,2022,Jan,20,Thu,7,13,45
3,BDBR,VACINACAO,ARTE,x,2022,Jan,20,Thu,22,19,16
4,BDBR,VACINACAO,ARTE,x,2022,Jan,20,Thu,23,55,12
5,BDBR,VACINACAO,ARTE,x,2022,Jan,20,Thu,22,30,25
6,BDDF,ARMA,x,x,2022,Jan,20,Thu,23,56,43
7,BDDF,CASOS COVID,ARTE,x,2022,Jan,20,Thu,23,43,51
8,BDDF,CASOS COVID,ARTE,x,2022,Jan,20,Thu,23,10,24
9,BDDF,CASOS COVID,ARTE,x,2022,Jan,20,Thu,23,47,45
10,BDDF,CASOS COVID,ARTE,x,2022,Jan,20,Thu,23,3,7
11,BDDF,COMBUSTIVEIS,x,x,2022,Jan,20,Thu,22,36,13
12,BDDF,ESCOLAS EM REFORMA,MAPA,x,2022,Jan,20,Thu,5,25,5
13,BDDF,FATO OU FAKE,x,x,2022,Jan,20,Thu,5,25,57
14,BDDF,FATO OU FAKE,x,x,2022,Jan,20,Thu,5,26,10
15,BDDF,ILUMINACAO PUBLICA,ARTE,x,2022,Jan,20,Thu,19,20,33
16,BDDF,ILUMINACAO PUBLICA,DISPLAY,x,2022,Jan,20,Thu,19,31,38
17,BDDF,OBRAS VICENTE PIRES,MAPA,x,2022,Jan,20,Thu,5,39,30
18,BDDF,OBRAS VICENTE PIRES,MAPA,x,2022,Jan,20,Thu,5,53,39
19,BDDF,OBRAS VICENTE PIRES,MAPA,x,2022,Jan,20,Thu,6,10,40
20,BDDF,STF PICANHA,DESTAQUE,x,2022,Jan,20,Thu,21,27,6
21,BDDF,TRANSPORTE,ARTE,x,2022,Jan,20,Thu,21,48,54
22,DF1,CASOS ATIVOS,ARTE,KMB,2022,Jan,20,Thu,10,40,55
23,DF1,COVID BANCARIOS,DESTAQUE,KMB,2022,Jan,20,Thu,10,53,38
24,DF1,FILA UTI,DESTAQUE,x,2022,Jan,20,Thu,9,23,30
25,DF1,FILA UTI,DESTAQUE,x,2022,Jan,20,Thu,9,27,15
26,DF1,IGREJINHA,ARTE,x,2022,Jan,20,Thu,12,0,25
27,DF1,REPERCUTE COLETIVA,DESTAQUE,KMB,2022,Jan,20,Thu,11,50,56
28,DF1,REPERCUTE COLETIVA,DESTAQUE,KMB,2022,Jan,20,Thu,11,49,7
29,DF1,REPERCUTE COLETIVA,DESTAQUE,KMB,2022,Jan,20,Thu,11,2,7
30,DF2,DESTAQUE,DESTAQUE,PHB,2022,Jan,20,Thu,18,12,32
31,DF2,ILUMINACAO PUBLICA,ARTE,x,2022,Jan,20,Thu,18,16,3
32,GE,COPA SP JUNIOR,ARTE,x,2022,Jan,20,Thu,0,30,58
33,GE,COPA SP JUNIOR,ARTE,PHB,2022,Jan,20,Thu,19,8,47
34,GE,ENDRICK,ARTE,x,2022,Jan,20,Thu,12,19,47
35,GE,ENDRICK,ARTE,x,2022,Jan,20,Thu,10,59,46
36,GE,ENDRICK,ARTE,x,2022,Jan,20,Thu,11,34,17
37,GE,ENDRICK,FOTO,x,2022,Jan,20,Thu,10,31,37
38,GE,ENDRICK,FOTO,x,2022,Jan,20,Thu,11,20,54
39,GNEWS,ELEICAO E O MINISTERIO DE BOLSONARO,TELA,x,2022,Jan,20,Thu,13,33,42
40,GNEWS,FOTOS,FOTO,PHB,2022,Jan,20,Thu,17,42,14
41,GNEWS,LIRA FUNDAO,DESTAQUE,x,2022,Jan,20,Thu,14,43,12
42,GNEWS,LIRA FUNDAO,DESTAQUE,x,2022,Jan,20,Thu,14,27,27
43,GNEWS,TESTE PLANO SAUDE,ARTE,KMB,2022,Jan,20,Thu,14,5,10
44,GNEWS,VACINA CRIANCAS,ARTE,KLB,2022,Jan,20,Thu,19,52,0
45,GNEWS,VACINA CRIANCAS,ARTE,KLB,2022,Jan,20,Thu,15,41,31
46,J10,LETTERING ENTREVISTADA,x,x,2022,Jan,20,Thu,21,11,56
47,JG,TWITTER MARCELO QUEIROGA,x,x,2022,Jan,20,Thu,21,41,44
48,JG,TWITTER MARCELO QUEIROGA,DESTAQUE,x,2022,Jan,20,Thu,22,37,16
49,JH,DOC LIRA,ARTE,KMB,2022,Jan,20,Thu,12,20,28
50,JH,DOC LIRA,ARTE,KMB,2022,Jan,20,Thu,12,23,53
51,JH,DOC LIRA,ARTE,KMB,2022,Jan,20,Thu,12,26,50
52,JH,TESTE PLANO SAUDE,ARTE,KMB,2022,Jan,20,Thu,12,3,3
53,JH,TESTE PLANO SAUDE,ARTE,KMB,2022,Jan,20,Thu,13,25,17
54,JN,ANVISA CRIANCA,ARTE,x,2022,Jan,20,Thu,19,44,38
55,JN,ANVISA CRIANCA,ARTE,x,2022,Jan,20,Thu,19,45,53
56,JN,ANVISA CRIANCA,ARTE,FQB,2022,Jan,20,Thu,20,2,57
57,JN,ANVISA CRIANCA,ARTE,FQB,2022,Jan,20,Thu,20,1,32
58,JN,ANVISA CRIANCA,ARTE,x,2022,Jan,20,Thu,19,59,33
59,JN,CORONAVAC CRIANCAS,x,x,2022,Jan,20,Thu,20,21,43
60,JN,CORONAVAC CRIANCAS,x,x,2022,Jan,20,Thu,19,39,53
0,BDDF,ARMA,x,x,2022,Jan,21,Fri,0,13,49
1,DF1,CORONAVAC,ARTE,x,2022,Jan,21,Fri,10,13,52
2,DF1,DECISAO PICANHA,DESTAQUE,x,2022,Jan,21,Fri,9,51,17
3,DF1,EXONERA CORONEL,DESTAQUE,x,2022,Jan,21,Fri,22,10,56
4,DF1,PICO COVID,ARTE,KMB,2022,Jan,21,Fri,10,44,48
5,DF1,PICO COVID,DESTAQUE,KMB,2022,Jan,21,Fri,10,33,56
6,DF2,DECISAO,DESTAQUE,x,2022,Jan,21,Fri,16,33,53
7,DF2,EMPRESAS PANDEMIA,ARTE,KLB,2022,Jan,21,Fri,15,59,14
8,DF2,REPASSE ONIBUS,ARTE,x,2022,Jan,21,Fri,17,42,26
9,GNEWS,CORONAVAC INFANTIL MAPA,MAPA,x,2022,Jan,21,Fri,20,17,48
10,GNEWS,ELEICAO E O MINISTERIO DE BOLSONARO,TELA,x,2022,Jan,21,Fri,5,25,42
11,GNEWS,ELEICAO E O MINISTERIO DE BOLSONARO,TELA,x,2022,Jan,21,Fri,5,44,3
12,GNEWS,ELEICAO E O MINISTERIO DE BOLSONARO,TELA,x,2022,Jan,21,Fri,5,31,51
13,GNEWS,J10,x,x,2022,Jan,21,Fri,21,35,36
14,GNEWS,LINHA DO TEMPO,ARTE,GVB,2022,Jan,21,Fri,20,12,32
15,J10,TWITTER LULA,x,x,2022,Jan,21,Fri,21,21,51
16,JH,CONITEC,DESTAQUE,x,2022,Jan,21,Fri,11,9,42
17,JH,CONITEC,DESTAQUE,x,2022,Jan,21,Fri,11,20,42
18,JH,CONITEC,DESTAQUE,x,2022,Jan,21,Fri,11,2,42
19,JH,CONITEC,DESTAQUE,x,2022,Jan,21,Fri,11,10,18
20,JH,CONITEC,x,x,2022,Jan,21,Fri,11,2,22
21,JH,CONITEC,x,KMB,2022,Jan,21,Fri,10,58,46
22,JN,KIT COVID ARTE DIARIO OFICIAL,ARTE,x,2022,Jan,21,Fri,19,21,44
23,JN,KIT,ARTE,x,2022,Jan,21,Fri,20,25,2
24,JN,KIT,ARTE,x,2022,Jan,21,Fri,19,53,22
25,JN,KIT,ARTE,x,2022,Jan,21,Fri,20,5,58
26,JN,VOLTAM UNIVERSIDADES,FOTO,x,2022,Jan,21,Fri,17,46,13
27,JN,VOLTAM UNIVERSIDADES,FOTO,x,2022,Jan,21,Fri,19,45,20
28,JN,VOLTAM UNIVERSIDADES,FOTO,x,2022,Jan,21,Fri,17,21,45
29,JN,VOLTAM UNIVERSIDADES,FOTO,x,2022,Jan,21,Fri,19,40,18
30,JN,VOLTAM UNIVERSIDADES,FOTO,x,2022,Jan,21,Fri,19,48,32
0,BDDF,APREENSOES,x,x,2022,Jan,23,Sun,21,41,45
1,BDDF,APREENSOES,x,x,2022,Jan,23,Sun,21,2,8
2,BDDF,AUDIENCIA,x,x,2022,Jan,23,Sun,20,55,47
3,BDDF,CRIMES,GRAFICO,x,2022,Jan,23,Sun,18,17,41
4,BDDF,CRIMES,GRAFICO,x,2022,Jan,23,Sun,20,32,52
5,BDDF,CRIMES,GRAFICO,x,2022,Jan,23,Sun,19,19,35
6,BDDF,CRIMES,GRAFICO,x,2022,Jan,23,Sun,18,40,48
7,BDDF,EMPREGOS,x,x,2022,Jan,23,Sun,21,50,40
8,BDDF,INTOLERANCIA,x,x,2022,Jan,23,Sun,17,52,27
9,BDDF,MASCARAS,ARTE,x,2022,Jan,23,Sun,18,36,38
10,BDDF,RANCHO,ARTE,x,2022,Jan,23,Sun,19,36,4
11,GNEWS,RELEASE,DESTAQUE,x,2022,Jan,23,Sun,20,48,7
0,BDBR,REAGE CLOROQUINA,DESTAQUE,x,2022,Jan,24,Mon,23,25,34
1,BDBR,SANCAO ORCAMENTO,ARTE,x,2022,Jan,24,Mon,8,17,14
2,BDBR,SANCAO ORCAMENTO,ARTE,x,2022,Jan,24,Mon,8,0,30
3,BDBR,SANCAO ORCAMENTO,DESTAQUE,x,2022,Jan,24,Mon,7,43,34
4,BDDF,LINHAS,x,x,2022,Jan,24,Mon,21,40,37
5,BDDF,ACIDENTES BR080,x,x,2022,Jan,24,Mon,22,28,23
6,BDDF,AUDIENCIA,ARTE,x,2022,Jan,24,Mon,5,9,24
7,BDDF,CUIDADOS AGUA,x,x,2022,Jan,24,Mon,23,7,7
8,BDDF,EMPRESAS PANDEMIA,ARTE,KLB,2022,Jan,24,Mon,19,7,1
9,BDDF,MASCARAS RECOMENDADAS,ARTE,x,2022,Jan,24,Mon,5,36,40
10,BDDF,MASCARAS RECOMENDADAS,ARTE,x,2022,Jan,24,Mon,5,32,36
11,BDDF,NUMEROS DE CASOS,ARTE,x,2022,Jan,24,Mon,22,32,28
12,BDDF,NUMEROS DE CASOS,ARTE,x,2022,Jan,24,Mon,22,6,13
13,BDDF,REPASSES PARA EMPRESAS,x,x,2022,Jan,24,Mon,22,0,35
14,BDDF,REPASSES PARA EMPRESAS,x,x,2022,Jan,24,Mon,22,27,16
15,BDDF,REPASSES PARA EMPRESAS,x,x,2022,Jan,24,Mon,22,18,36
16,DF1,COVID DF,ARTE,KMB,2022,Jan,24,Mon,11,9,18
17,DF1,DEMITE IGES,DESTAQUE,x,2022,Jan,24,Mon,9,48,54
18,DF1,DEMITE IGES,DESTAQUE,x,2022,Jan,24,Mon,9,55,7
19,DF1,DEMITE IGES,DESTAQUE,x,2022,Jan,24,Mon,9,54,39
20,DF1,DEMITE IGES,DESTAQUE,x,2022,Jan,24,Mon,9,48,39
21,DF1,DEMITE IGES,DESTAQUE,x,2022,Jan,24,Mon,9,51,31
22,DF1,DEMITE IGES,DESTAQUE,x,2022,Jan,24,Mon,11,49,40
23,DF1,DEMITE IGES,DESTAQUE,x,2022,Jan,24,Mon,11,52,59
24,DF1,DEMITE IGES,FOTO,x,2022,Jan,24,Mon,9,55,17
25,DF1,DESTAQUE,DESTAQUE,PHB,2022,Jan,24,Mon,16,15,20
26,DF1,EMPREGO,ARTE,x,2022,Jan,24,Mon,11,47,57
27,DF1,EMPREGO,ARTE,x,2022,Jan,24,Mon,12,5,42
28,DF1,MILHAS E CASHBACK,TELA,x,2022,Jan,24,Mon,21,52,16
29,DF1,MILHAS E CASHBACK,TELA,x,2022,Jan,24,Mon,21,52,36
30,DF2,BECOS,ARTE,KLB,2022,Jan,24,Mon,17,14,21
31,DF2,BECOS,ARTE,KLB,2022,Jan,24,Mon,16,30,40
32,DF2,BECOS,ARTE,KLB,2022,Jan,24,Mon,15,46,47
33,DF2,BURACOS,DESTAQUE,KLB,2022,Jan,24,Mon,15,57,30
34,DF2,BURACOS,DESTAQUE,x,2022,Jan,24,Mon,14,8,54
35,DF2,BURACOS,DESTAQUE,x,2022,Jan,24,Mon,14,20,5
36,DF2,BURACOS,DESTAQUE,KLB,2022,Jan,24,Mon,14,20,53
37,DF2,BURACOS,PASSEIO,KLB,2022,Jan,24,Mon,14,30,29
38,DF2,DESTAQUE,DESTAQUE,PHB,2022,Jan,24,Mon,16,26,33
39,DF2,DESTAQUE,DESTAQUE,PHB,2022,Jan,24,Mon,16,43,55
40,DF2,DESTAQUE,DESTAQUE,PHB,2022,Jan,24,Mon,16,47,30
41,DF2,DESTAQUE,DESTAQUE,PHB,2022,Jan,24,Mon,16,29,2
42,DF2,DESTAQUE,DESTAQUE,PHB,2022,Jan,24,Mon,16,38,5
43,DF2,MAPA,MAPA,PHB,2022,Jan,24,Mon,17,37,55
44,GE,TELAO MERCHAN,TELA,x,2022,Jan,24,Mon,5,16,28
45,GNEWS,CORTE,TELA,x,2022,Jan,24,Mon,21,34,50
46,GNEWS,DESTAQUE,DESTAQUE,PHB,2022,Jan,24,Mon,20,11,17
47,GNEWS,DESTAQUE,DESTAQUE,PHB,2022,Jan,24,Mon,20,16,29
48,GNEWS,DESTAQUE,DESTAQUE,PHB,2022,Jan,24,Mon,20,8,47
49,GNEWS,DESTAQUE,DESTAQUE,PHB,2022,Jan,24,Mon,20,22,32
50,GNEWS,DOC ED 18,DESTAQUE,x,2022,Jan,24,Mon,17,30,33
51,GNEWS,DOC ED 18,DESTAQUE,x,2022,Jan,24,Mon,17,32,22
52,GNEWS,ORCAMENTO 2022,ARTE,x,2022,Jan,24,Mon,8,8,48
53,GNEWS,ORCAMENTO 2022,ARTE,x,2022,Jan,24,Mon,8,19,7
54,GNEWS,ORCAMENTO 2022,ARTE,x,2022,Jan,24,Mon,9,46,15
55,GNEWS,ORCAMENTO 2022,ARTE,x,2022,Jan,24,Mon,8,12,6
56,GNEWS,ORCAMENTO 2022,ARTE,x,2022,Jan,24,Mon,11,58,4
57,GNEWS,ORCAMENTO 2022,ARTE,x,2022,Jan,24,Mon,12,50,15
58,GNEWS,ORCAMENTO 2022,ARTE,x,2022,Jan,24,Mon,12,58,45
59,H1,ORCAMENTO,ARTE,x,2022,Jan,24,Mon,20,49,16
60,H1,ORCAMENTO,ARTE,x,2022,Jan,24,Mon,21,48,24
61,J10,HIDRELETRICA,ARTE,x,2022,Jan,24,Mon,20,43,46
62,JG,ORCAMENTO,ARTE,x,2022,Jan,24,Mon,20,36,54
63,JG,ORCAMENTO,ARTE,x,2022,Jan,24,Mon,21,41,24
64,JH,ORCAMENTO 2022,ARTE,x,2022,Jan,24,Mon,12,36,41
65,JH,ORCAMENTO 2022,ARTE,x,2022,Jan,24,Mon,12,7,33
66,JH,ORCAMENTO 2022,ARTE,x,2022,Jan,24,Mon,12,55,59
67,JH,ORCAMENTO 2022,ARTE,x,2022,Jan,24,Mon,13,16,42
68,JN,CLOROQUINA VACINAS DESTAQUE BOLETIM,DESTAQUE,x,2022,Jan,24,Mon,20,6,38
69,JN,CLOROQUINA VACINAS,ARTE,x,2022,Jan,24,Mon,20,37,30
70,JN,CLOROQUINA VACINAS,ARTE,x,2022,Jan,24,Mon,20,3,34
71,JN,CLOROQUINA x VACINAS,x,x,2022,Jan,24,Mon,19,57,24
72,JN,HIDRELETRICA,ARTE,x,2022,Jan,24,Mon,19,22,41
73,JN,HIDRELETRICA,DESTAQUE,x,2022,Jan,24,Mon,20,8,43
74,JN,HIDRELETRICA,DESTAQUE,x,2022,Jan,24,Mon,20,17,58
75,JN,HIDRELETRICA,DESTAQUE,x,2022,Jan,24,Mon,20,21,57
76,JN,HIDRELETRICA,DESTAQUE,x,2022,Jan,24,Mon,19,32,42
77,JN,HIDRELETRICA,DESTAQUE,x,2022,Jan,24,Mon,19,40,29
78,JN,ORCAMENTO,ARTE,x,2022,Jan,24,Mon,19,49,31
79,JN,PASSEIO,PASSEIO,PHB,2022,Jan,24,Mon,19,25,39
0,BDBR,MAPA,MAPA,x,2022,Jan,25,Tue,23,23,43
1,BDDF,ONDE,x,x,2022,Jan,25,Tue,23,30,0
2,BDDF,DESTAQUE,DESTAQUE,PHB,2022,Jan,25,Tue,19,56,45
3,BDDF,DESTAQUE,DESTAQUE,PHB,2022,Jan,25,Tue,20,0,8
4,BDDF,DEVOLVE DINHEIRO,ARTE,x,2022,Jan,25,Tue,20,8,55
5,BDDF,EMPREGO,ARTE,x,2022,Jan,25,Tue,18,54,9
6,BDDF,INSS,ARTE,x,2022,Jan,25,Tue,23,22,44
7,BDDF,INSS,ARTE,x,2022,Jan,25,Tue,23,31,41
8,BDDF,MAPA,MAPA,PHB,2022,Jan,25,Tue,22,24,58
9,BDDF,MAPA,MAPA,PHB,2022,Jan,25,Tue,19,45,43
10,BDDF,SELO VIOLENCIA MULHERES,x,x,2022,Jan,25,Tue,5,31,14
11,BDDF,SELO VIOLENCIA MULHERES,x,x,2022,Jan,25,Tue,5,56,10
12,BDDF,VENDA DE IMOVEIS,ARTE,x,2022,Jan,25,Tue,22,18,27
13,BDDF,VENDA DE IMOVEIS,ARTE,x,2022,Jan,25,Tue,22,26,40
14,BDDF,VENDA DE IMOVEIS,ARTE,x,2022,Jan,25,Tue,21,39,26
15,DF1,CIRURGIA,ARTE,x,2022,Jan,25,Tue,11,23,55
16,DF1,CIRURGIA,ARTE,x,2022,Jan,25,Tue,11,32,46
17,DF1,COVID SEGUNDAS,ARTE,x,2022,Jan,25,Tue,10,23,13
18,DF1,FILAS CIRURGIA,MAPA,KMB,2022,Jan,25,Tue,10,56,4
19,DF1,FILAS CIRURGICA,ARTE,x,2022,Jan,25,Tue,10,46,20
20,DF1,MAL ILUMINADA,x,KMB,2022,Jan,25,Tue,9,53,35
21,DF1,MAL ILUMINADA,x,KMB,2022,Jan,25,Tue,10,58,11
22,DF1,OCUPACAO UTI,DESTAQUE,KMB,2022,Jan,25,Tue,7,57,54
23,DF1,PM AGRESSAO,ARTE,x,2022,Jan,25,Tue,8,59,9
24,DF1,PM AGRESSAO,ARTE,x,2022,Jan,25,Tue,11,18,42
25,DF1,PM AGRESSAO,DESTAQUE,KLB,2022,Jan,25,Tue,9,0,24
26,DF1,VACINACAO CRIANCAS,DESTAQUE,x,2022,Jan,25,Tue,11,41,29
27,DF1,VACINACAO CRIANCAS,DESTAQUE,x,2022,Jan,25,Tue,11,48,39
28,DF2,CONDOMINIO,x,PHB,2022,Jan,25,Tue,16,17,27
29,DF2,DESTAQUE,DESTAQUE,PHB,2022,Jan,25,Tue,14,22,13
30,DF2,EMPREGO,ARTE,x,2022,Jan,25,Tue,17,58,41
31,DF2,EMPREGO,ARTE,x,2022,Jan,25,Tue,17,55,46
32,GE,PALMEIRAS CAMPEAO COPINHA,x,x,2022,Jan,25,Tue,11,40,50
33,GNEWS,ANDERSON OLIVEIRA,FOTO,x,2022,Jan,25,Tue,8,5,42
34,GNEWS,ARRECADACAO,x,x,2022,Jan,25,Tue,21,11,38
35,GNEWS,LEITOS,ARTE,x,2022,Jan,25,Tue,21,8,33
36,GNEWS,LEITOS,ARTE,x,2022,Jan,25,Tue,21,34,36
37,GNEWS,TRANSPARENCIA,ARTE,x,2022,Jan,25,Tue,13,36,50
38,GNEWS,TRANSPARENCIA,ARTE,x,2022,Jan,25,Tue,13,49,4
39,GNEWS,TRANSPARENCIA,ARTE,x,2022,Jan,25,Tue,13,21,53
40,GNEWS,TRANSPARENCIA,ARTE,x,2022,Jan,25,Tue,13,26,5
41,GNEWS,TRANSPARENCIA,ARTE,x,2022,Jan,25,Tue,13,57,33
42,GNEWS,TRANSPARENCIA,ARTE,x,2022,Jan,25,Tue,14,52,0
43,GNEWS,TRANSPARENCIA,ARTE,x,2022,Jan,25,Tue,15,17,3
44,H1,ARRECADACAO,ARTE,x,2022,Jan,25,Tue,23,11,16
45,H1,COMBATE A CORRUPCAO,ARTE,x,2022,Jan,25,Tue,23,2,14
46,H1,COMBATE A CORRUPCAO,ARTE,x,2022,Jan,25,Tue,23,2,34
47,H1,COMBATE A CORRUPCAO,DISPLAY,x,2022,Jan,25,Tue,22,25,10
48,H1,COMBATE A CORRUPCAO,x,x,2022,Jan,25,Tue,21,45,24
49,J10,TRANSPARENCIA,ARTE,x,2022,Jan,25,Tue,18,47,33
50,J10,TRANSPARENCIA,ARTE,x,2022,Jan,25,Tue,18,48,11
51,J10,TRANSPARENCIA,ARTE,x,2022,Jan,25,Tue,18,47,48
52,JG,GRAFICO,GRAFICO,x,2022,Jan,25,Tue,22,10,4
53,JG,adiciona numero,GRAFICO,x,2022,Jan,25,Tue,22,39,54
54,JG,ARRECADACAO,ARTE,x,2022,Jan,25,Tue,22,0,8
55,JG,COMBATE CORRUPCAO,x,x,2022,Jan,25,Tue,22,19,44
56,JG,COMBATE CORRUPCAO,x,x,2022,Jan,25,Tue,22,35,38
57,JH,TRANSPARENCIA,ARTE,x,2022,Jan,25,Tue,11,59,30
58,JH,TRANSPARENCIA,ARTE,x,2022,Jan,25,Tue,13,28,11
59,JH,TRANSPARENCIA,ARTE,x,2022,Jan,25,Tue,13,45,4
60,JH,TRANSPARENCIA,ARTE,x,2022,Jan,25,Tue,12,3,9
61,JH,TRANSPARENCIA,ARTE,x,2022,Jan,25,Tue,13,9,41
62,JH,TRANSPARENCIA,ARTE,x,2022,Jan,25,Tue,13,12,10
63,JH,TRANSPARENCIA,ARTE,x,2022,Jan,25,Tue,13,23,3
64,JH,TRANSPARENCIA,ARTE,x,2022,Jan,25,Tue,13,23,20
65,JH,TRANSPARENCIA,ARTE,x,2022,Jan,25,Tue,13,24,37
66,JH,TRANSPARENCIA,ARTE,x,2022,Jan,25,Tue,13,27,41
67,JH,TRANSPARENCIA,ARTE,x,2022,Jan,25,Tue,13,7,23
68,JH,TRANSPARENCIA,ARTE,x,2022,Jan,25,Tue,13,28,15
69,JH,TRANSPARENCIA,ARTE,x,2022,Jan,25,Tue,13,32,12
70,JH,TRANSPARENCIA,ARTE,x,2022,Jan,25,Tue,13,28,34
71,JH,TRANSPARENCIA,PASSEIO,x,2022,Jan,25,Tue,13,19,42
72,JH,VIVO SITE BC,DESTAQUE,x,2022,Jan,25,Tue,11,12,50
73,JH,VIVO SITE BC,DESTAQUE,x,2022,Jan,25,Tue,11,9,33
74,JN,ARRECADACAO,ARTE,GVB,2022,Jan,25,Tue,20,44,24
75,JN,COMBATE A CORRUPCAO,ARTE,x,2022,Jan,25,Tue,19,54,53
76,JN,COMBATE A CORRUPCAO,ARTE,x,2022,Jan,25,Tue,20,29,5
77,JN,COMBATE A CORRUPCAO,ARTE,x,2022,Jan,25,Tue,20,33,6
78,JN,COMBATE A CORRUPCAO,DISPLAY,x,2022,Jan,25,Tue,20,3,6
79,JN,COMBATE A CORRUPCAO,x,x,2022,Jan,25,Tue,19,41,45
0,BDBR,AUTO TESTE,DESTAQUE,x,2022,Jan,26,Wed,22,15,37
1,BDBR,AUTO TESTE,DESTAQUE,x,2022,Jan,26,Wed,22,10,42
2,BDBR,AUTO TESTE,DESTAQUE,x,2022,Jan,26,Wed,22,18,16
3,BDBR,AUTO TESTE,DESTAQUE,x,2022,Jan,26,Wed,21,42,59
4,BDDF,EMENDAS,x,x,2022,Jan,26,Wed,0,45,6
5,BDDF,CASTRACAO GRATUITA,x,x,2022,Jan,26,Wed,21,55,35
6,BDDF,COBERTURA VACINAL,DESTAQUE,x,2022,Jan,26,Wed,20,28,58
7,BDDF,CRIMINALIDADE,ARTE,KLB,2022,Jan,26,Wed,21,3,48
8,BDDF,CRIMINALIDADE,ARTE,KLB,2022,Jan,26,Wed,19,18,41
9,BDDF,CRIMINALIDADE,ARTE,KLB,2022,Jan,26,Wed,21,8,4
10,BDDF,CRIMINALIDADE,ARTE,KLB,2022,Jan,26,Wed,19,38,53
11,BDDF,FATO OU FAKE,x,x,2022,Jan,26,Wed,20,48,47
12,BDDF,FATO OU FAKE,x,x,2022,Jan,26,Wed,20,49,27
13,BDDF,FATO OU FAKE,x,x,2022,Jan,26,Wed,20,52,51
14,BDDF,FATO OU FAKE,x,x,2022,Jan,26,Wed,20,54,4
15,BDDF,MAPA,MAPA,x,2022,Jan,26,Wed,22,37,23
16,BDDF,MAPA,MAPA,x,2022,Jan,26,Wed,22,38,3
17,BDDF,MAUS TRATOS,ARTE,x,2022,Jan,26,Wed,20,7,39
18,BDDF,NAO VACINADOS,x,x,2022,Jan,26,Wed,21,24,55
19,BDDF,REGRAS PARA CASTRACAO GRATUITA,x,x,2022,Jan,26,Wed,22,4,39
20,BDDF,SAIU O DINHEIRO,ARTE,x,2022,Jan,26,Wed,1,44,40
21,BDDF,TELAO LEITOS PUBLICOS,TELA,x,2022,Jan,26,Wed,23,19,58
22,BDDF,TELAO,TELA,x,2022,Jan,26,Wed,23,59,45
23,BDDF,TELAO,TELA,x,2022,Jan,26,Wed,23,20,4
24,BDDF,TELAO,TELA,x,2022,Jan,26,Wed,23,22,11
25,DF1,COVID DF,ARTE,KMB,2022,Jan,26,Wed,11,3,5
26,DF1,COVID DF,ARTE,KMB,2022,Jan,26,Wed,11,7,13
27,DF1,COVID DF,ARTE,KMB,2022,Jan,26,Wed,11,5,48
28,DF1,COVID DF,DESTAQUE,KMB,2022,Jan,26,Wed,10,52,28
29,DF1,FLA FLU NO MANE,DESTAQUE,x,2022,Jan,26,Wed,11,23,41
30,DF1,ILUMINACAO PUBLICA,ARTE,x,2022,Jan,26,Wed,10,36,12
31,DF1,PERGUNTE AO DOUTOR,x,x,2022,Jan,26,Wed,9,42,9
32,DF1,SUITE TENEBRIS,ARTE,x,2022,Jan,26,Wed,10,26,31
33,DF1,SUITE TENEBRIS,DESTAQUE,KMB,2022,Jan,26,Wed,9,45,18
34,DF1,SUITE TENEBRIS,DESTAQUE,KMB,2022,Jan,26,Wed,9,53,42
35,DF1,SUITE TENEBRIS,DESTAQUE,KMB,2022,Jan,26,Wed,9,58,10
36,DF1,SUITE TENEBRIS,DESTAQUE,KMB,2022,Jan,26,Wed,10,1,27
37,DF1,SUITE TENEBRIS,DESTAQUE,KMB,2022,Jan,26,Wed,10,6,8
38,DF1,SUITE TENEBRIS,DESTAQUE,KMB,2022,Jan,26,Wed,10,20,0
39,DF1,UPAS,MAPA,x,2022,Jan,26,Wed,11,4,15
40,DF2,COVID,GRAFICO,x,2022,Jan,26,Wed,17,54,25
41,DF2,COVID,GRAFICO,KLB,2022,Jan,26,Wed,18,36,27
42,DF2,COVID,GRAFICO,KLB,2022,Jan,26,Wed,18,23,41
43,DF2,COVID,x,KLB,2022,Jan,26,Wed,17,50,17
44,DF2,DESTAQUE,DESTAQUE,PHB,2022,Jan,26,Wed,16,34,39
45,DF2,LEITOS COVID,DESTAQUE,x,2022,Jan,26,Wed,17,22,14
46,DF2,VACINACAO INFANTOJUVENIL,x,x,2022,Jan,26,Wed,18,21,7
47,GE,FLA FLU NO MANE,DESTAQUE,x,2022,Jan,26,Wed,11,44,33
48,GE,TWEET FIFA,DESTAQUE,x,2022,Jan,26,Wed,9,21,33
49,GNEWS,AUTOTESTE,DESTAQUE,x,2022,Jan,26,Wed,10,31,41
50,GNEWS,AUTOTESTE,DESTAQUE,x,2022,Jan,26,Wed,10,54,6
51,GNEWS,CALENDARIO ELEITORAL,TELA,x,2022,Jan,26,Wed,21,22,41
52,GNEWS,CALENDARIO ELEITORAL,TELA,x,2022,Jan,26,Wed,21,42,0
53,GNEWS,CARTA BOLSONARO,x,x,2022,Jan,26,Wed,21,1,5
54,GNEWS,CARTA BOLSONARO,x,x,2022,Jan,26,Wed,21,1,15
55,GNEWS,COLIGACOES,TELA,x,2022,Jan,26,Wed,17,41,52
56,GNEWS,NOTA MPF DESTAQUE,DESTAQUE,x,2022,Jan,26,Wed,19,36,50
57,GNEWS,VACINA CHEGADA,ARTE,KLB,2022,Jan,26,Wed,16,31,50
58,GNEWS,VACINAS PEDIATRICAS SEQUENCIA,x,x,2022,Jan,26,Wed,19,25,13
59,GNEWS,VACINAS PEDIATRICAS SEQUENCIA,x,x,2022,Jan,26,Wed,20,39,37
60,GNEWS,VACINAS PEDIATRICAS SEQUENCIA,x,x,2022,Jan,26,Wed,19,37,56
61,JH,AUTOTESTE,DESTAQUE,x,2022,Jan,26,Wed,11,45,12
62,JH,AUTOTESTE,DESTAQUE,x,2022,Jan,26,Wed,11,45,51
63,JH,AUTOTESTE,DESTAQUE,x,2022,Jan,26,Wed,11,49,39
64,JH,AUTOTESTE,DESTAQUE,x,2022,Jan,26,Wed,11,45,19
65,JH,AUTOTESTE,DESTAQUE,x,2022,Jan,26,Wed,11,47,30
66,JH,AUTOTESTE,DESTAQUE,x,2022,Jan,26,Wed,11,48,47
67,JH,NOTA TEC,DESTAQUE,x,2022,Jan,26,Wed,12,18,48
68,JH,NOTA TEC,DESTAQUE,x,2022,Jan,26,Wed,12,4,12
69,JH,NOTA TEC,DESTAQUE,x,2022,Jan,26,Wed,11,54,43
70,JH,VACINAS CHEGADA,ARTE,x,2022,Jan,26,Wed,11,40,41
71,JN,NOTA TECNICA SAUDE,DESTAQUE,x,2022,Jan,26,Wed,20,13,59
0,BDBR,NOTA,x,x,2022,Jan,27,Thu,23,24,39
1,BDDF,CURSO DE ROBOTICA,x,x,2022,Jan,27,Thu,20,57,34
2,BDDF,FABRICA,x,x,2022,Jan,27,Thu,18,14,40
3,BDDF,LEITOS COVID,DESTAQUE,x,2022,Jan,27,Thu,19,20,26
4,BDDF,MAUS TRATOS,ARTE,x,2022,Jan,27,Thu,5,29,54
5,BDDF,OCORRÊNCIAS,x,PHB,2022,Jan,27,Thu,19,9,46
6,BDDF,OUVIDORIA,ARTE,x,2022,Jan,27,Thu,20,22,13
7,BDDF,OUVIDORIA,ARTE,x,2022,Jan,27,Thu,20,2,57
8,BDDF,SELO COMBATE À PEDOFILIA,x,x,2022,Jan,27,Thu,5,34,33
9,BDDF,SUNGA,DESTAQUE,x,2022,Jan,27,Thu,22,13,4
10,DF1,FALTA SEGURANCA,ARTE,KMB,2022,Jan,27,Thu,10,25,51
11,DF1,FUNCIONARIOS HCAMP,DESTAQUE,x,2022,Jan,27,Thu,10,15,55
12,DF1,FUNCIONARIOS HCAMP,DESTAQUE,KMB,2022,Jan,27,Thu,10,4,21
13,DF1,GOLPES WHATSAPP,ARTE,x,2022,Jan,27,Thu,10,58,19
14,DF1,GOLPES WHATSAPP,DESTAQUE,x,2022,Jan,27,Thu,10,44,48
15,DF1,GOLPES WHATSAPP,DESTAQUE,x,2022,Jan,27,Thu,10,44,56
16,DF1,GOLPES WHATSAPP,DESTAQUE,x,2022,Jan,27,Thu,11,17,42
17,DF1,GOLPES WHATSAPP,DESTAQUE,x,2022,Jan,27,Thu,11,10,8
18,DF1,NAJA DE BRASILIA,DESTAQUE,x,2022,Jan,27,Thu,10,23,50
19,DF1,NAJA DE BRASILIA,FOTO,x,2022,Jan,27,Thu,10,20,43
20,DF1,NAJA DE BRASILIA,FOTO,x,2022,Jan,27,Thu,10,26,35
21,GNEWS,TELAS,TELA,x,2022,Jan,27,Thu,19,55,1
22,GNEWS,TELAS,TELA,x,2022,Jan,27,Thu,20,38,36
23,GNEWS,NOTA,x,x,2022,Jan,27,Thu,20,18,6
24,GNEWS,NOTA,x,x,2022,Jan,27,Thu,21,25,50
25,GE,DOC URGENTE,x,x,2022,Jan,27,Thu,18,30,9
26,GNEWS,J10,DESTAQUE,x,2022,Jan,27,Thu,19,7,32
27,GNEWS,TELAO,TELA,x,2022,Jan,27,Thu,21,42,22
28,GNEWS,TELAO,TELA,x,2022,Jan,27,Thu,21,6,45
29,H1,NOTA,x,x,2022,Jan,27,Thu,23,54,18
30,JG,NOTA,x,x,2022,Jan,27,Thu,22,0,32
31,JG,VACINA,DESTAQUE,x,2022,Jan,27,Thu,23,30,58
32,JH,GRAVACOES AMBIENTAIS,DESTAQUE,AMB,2022,Jan,27,Thu,12,7,33
33,JH,GRAVACOES AMBIENTAIS,DESTAQUE,AMB,2022,Jan,27,Thu,12,10,13
34,JH,GRAVACOES AMBIENTAIS,DESTAQUE,AMB,2022,Jan,27,Thu,12,11,40
35,JH,GRAVACOES AMBIENTAIS,DESTAQUE,AMB,2022,Jan,27,Thu,13,22,0
36,JN,MORAES BOLSONARO,DESTAQUE,x,2022,Jan,27,Thu,20,41,6
37,JN,MORAES BOLSONARO,DESTAQUE,x,2022,Jan,27,Thu,20,27,21
38,JN,MORAES BOLSONARO,DESTAQUE,x,2022,Jan,27,Thu,20,29,47
39,JN,MORAES BOLSONARO,DESTAQUE,x,2022,Jan,27,Thu,20,31,50
40,JN,MORAES BOLSONARO,DESTAQUE,x,2022,Jan,27,Thu,20,33,52
41,JN,MORAES BOLSONARO,x,x,2022,Jan,27,Thu,20,35,28
0,BDBR,DOMESTICAS,ARTE,x,2022,Jan,28,Fri,21,29,39
1,BDDF,3,x,x,2022,Jan,28,Fri,0,3,46
2,DF1,AGLOMERACOES,ARTE,x,2022,Jan,28,Fri,10,57,54
3,DF1,AGLOMERACOES,ARTE,x,2022,Jan,28,Fri,11,22,10
4,DF1,AGLOMERAÇÕES,DESTAQUE,x,2022,Jan,28,Fri,10,16,22
5,DF1,AGLOMERAÇÕES,DESTAQUE,x,2022,Jan,28,Fri,11,24,28
6,DF1,AGLOMERAÇÕES,DESTAQUE,x,2022,Jan,28,Fri,10,16,37
7,DF1,AGLOMERAÇÕES,DESTAQUE,x,2022,Jan,28,Fri,11,24,46
8,DF1,AGRESSAO MEDICA,DESTAQUE,x,2022,Jan,28,Fri,21,7,0
9,DF1,DETRAN,ARTE,KMB,2022,Jan,28,Fri,11,24,12
10,DF1,DETRAN,x,KMB,2022,Jan,28,Fri,11,23,35
11,DF1,DETRAN,x,KMB,2022,Jan,28,Fri,11,25,49
12,DF1,DETRAN,x,KMB,2022,Jan,28,Fri,11,34,39
13,DF1,SAIDA AGUAS CLARAS,MAPA,x,2022,Jan,28,Fri,10,54,27
14,GE,DENGUE PASSAGEM,DISPLAY,KLB,2022,Jan,28,Fri,16,15,57
15,DF2,JARDINS,x,x,2022,Jan,28,Fri,16,39,47
16,DF2,JARDINS,x,x,2022,Jan,28,Fri,16,55,11
17,GE,PASSAGEM,x,x,2022,Jan,28,Fri,18,42,59
18,DF2,TRABALHO ESCRAVO,ARTE,KLB,2022,Jan,28,Fri,18,8,0
19,DF2,TRABALHO,ARTE,x,2022,Jan,28,Fri,17,55,52
20,GE,CARIOCA E PAULISTA,ARTE,x,2022,Jan,28,Fri,10,26,5
21,GNEWS,DOC ED 18,x,x,2022,Jan,28,Fri,17,17,41
22,GNEWS,DOC ED 18,x,x,2022,Jan,28,Fri,19,12,4
23,GNEWS,INQUERITO,x,x,2022,Jan,28,Fri,21,2,4
24,GNEWS,INQUERITO,x,x,2022,Jan,28,Fri,21,2,30
25,GNEWS,JOGO ELEITORAL,TELA,x,2022,Jan,28,Fri,22,32,44
26,GNEWS,JOGO ELEITORAL,TELA,x,2022,Jan,28,Fri,21,45,20
27,GNEWS,JOGO ELEITORAL,TELA,x,2022,Jan,28,Fri,21,57,12
28,J10,FOTO,FOTO,x,2022,Jan,28,Fri,20,42,16
29,JG,DESTAQUE DECISAO AGRAVO,DESTAQUE,x,2022,Jan,28,Fri,23,19,14
30,JG,POLLYANNA ALVES - JUIZA,x,x,2022,Jan,28,Fri,21,46,20
31,JH,ARQUIVA TRIPLEX,DESTAQUE,x,2022,Jan,28,Fri,12,14,44
32,JH,ARQUIVA TRIPLEX,DESTAQUE,x,2022,Jan,28,Fri,12,20,47
33,JH,DESTAQUE ECA,DESTAQUE,x,2022,Jan,28,Fri,13,33,22
34,JH,LINHAS DE TRANSMISSAO,x,KMB,2022,Jan,28,Fri,7,3,45
35,JH,MEDIDAS ANTIVACINAS,DESTAQUE,x,2022,Jan,28,Fri,12,45,50
36,JH,MEDIDAS ANTIVACINAS,DESTAQUE,x,2022,Jan,28,Fri,12,46,27
37,JH,MEDIDAS ANTIVACINAS,DESTAQUE,x,2022,Jan,28,Fri,12,22,58
38,JH,MEDIDAS ANTIVACINAS,DESTAQUE,x,2022,Jan,28,Fri,12,26,10
39,JH,MEDIDAS ANTIVACINAS,DESTAQUE,x,2022,Jan,28,Fri,13,32,29
40,JH,MEDIDAS ANTIVACINAS,DESTAQUE,x,2022,Jan,28,Fri,13,38,14
41,JH,MEDIDAS ANTIVACINAS,DESTAQUE,KMB,2022,Jan,28,Fri,13,31,2
42,JH,MEDIDAS ANTIVACINAS,DESTAQUE,KMB,2022,Jan,28,Fri,13,33,16
43,JH,MEDIDAS ANTIVACINAS,DESTAQUE,KMB,2022,Jan,28,Fri,13,26,42
44,JH,MEDIDAS ANTIVACINAS,DESTAQUE,x,2022,Jan,28,Fri,12,41,50
45,JH,MEDIDAS ANTIVACINAS,PASSEIO,x,2022,Jan,28,Fri,12,24,24
46,JH,MEDIDAS ANTIVACINAS,PASSEIO,x,2022,Jan,28,Fri,12,27,15
47,JH,MEDIDAS ANTIVACINAS,x,x,2022,Jan,28,Fri,12,34,4
48,JH,MEDIDAS ANTIVACINAS,x,x,2022,Jan,28,Fri,12,37,16
49,JH,MEDIDAS ANTIVACINAS,DESTAQUE,x,2022,Jan,28,Fri,13,39,21
50,JN,ANTIVACINA ARTE REDE,ARTE,x,2022,Jan,28,Fri,20,13,47
51,JN,AUTOTESTE,ARTE,x,2022,Jan,28,Fri,18,30,31
52,JN,AUTOTESTE,ARTE,x,2022,Jan,28,Fri,18,44,41
53,JN,DESTAQUE DECISAO AGRAVO,DESTAQUE,x,2022,Jan,28,Fri,18,3,21
54,JN,DESTAQUE DECISAO AGRAVO,DESTAQUE,x,2022,Jan,28,Fri,18,3,26
55,JN,DESTAQUE DECISAO AGRAVO,DESTAQUE,x,2022,Jan,28,Fri,18,53,15
56,JN,DESTAQUE DECISAO AGRAVO,DESTAQUE,x,2022,Jan,28,Fri,18,3,32
57,JN,DESTAQUE DECISAO AGRAVO,DESTAQUE,x,2022,Jan,28,Fri,18,3,37
58,JN,DESTAQUE INQUERITO,DESTAQUE,GVB,2022,Jan,28,Fri,19,58,7
59,JN,DESTAQUE INQUERITO,DESTAQUE,GVB,2022,Jan,28,Fri,20,8,31
60,JN,DESTAQUE INQUERITO,DESTAQUE,GVB,2022,Jan,28,Fri,19,58,32
61,JN,DESTAQUE,DESTAQUE,x,2022,Jan,28,Fri,20,5,18
62,JN,FOTO,FOTO,PHB,2022,Jan,28,Fri,17,33,19
63,JN,MOVIMENTO ANTIVACINA GOVERNO,DESTAQUE,KLB,2022,Jan,28,Fri,19,15,36
64,JN,RESULTADO CONTAS,ARTE,x,2022,Jan,28,Fri,19,52,41
65,JN,RESULTADO CONTAS,ARTE,x,2022,Jan,28,Fri,20,4,30
66,JN,RESULTADO CONTAS,ARTE,x,2022,Jan,28,Fri,19,59,2
0,DF1,FALTA,MAPA,x,2022,Jan,29,Sat,10,52,8
1,DF1,FEIRA,FOTO,x,2022,Jan,29,Sat,10,28,30
2,DF1,RECLAMA BARULHO,ARTE,x,2022,Jan,29,Sat,11,20,11
3,DF2,DOACAO MATERIAL ESCOLAR,MAPA,x,2022,Jan,29,Sat,17,47,15
4,DF2,DOACAO MATERIAL ESCOLAR,MAPA,x,2022,Jan,29,Sat,18,44,5
5,DF2,TIRO,DESTAQUE,x,2022,Jan,29,Sat,17,13,14
6,GNEWS,CARTA,x,x,2022,Jan,29,Sat,13,10,6
0,BDDF,CASOS DE DENGUE DF,x,x,2022,Jan,30,Sun,16,34,52
1,BDDF,CASOS DE DENGUE DF,x,x,2022,Jan,30,Sun,18,7,44
2,BDDF,CASOS DE DENGUE SOBRADINHO,x,x,2022,Jan,30,Sun,16,33,29
3,BDDF,CASOS DE DENGUE SOBRADINHO,x,x,2022,Jan,30,Sun,18,8,35
4,BDDF,VARIANTE OMICRON,ARTE,x,2022,Jan,30,Sun,23,19,17
5,BDDF,VARIANTE OMICRON,ARTE,x,2022,Jan,30,Sun,23,18,41
6,BDDF,VARIANTE OMICRON,ARTE,x,2022,Jan,30,Sun,23,18,6
7,BDDF,VARIANTE OMICRON,ARTE,x,2022,Jan,30,Sun,23,17,31
8,GNEWS,PRE-CANDIDATOS,x,x,2022,Jan,30,Sun,17,45,6
9,GNEWS,PRE-CANDIDATOS,x,x,2022,Jan,30,Sun,18,12,19
10,GNEWS,PRE-CANDIDATOS,x,x,2022,Jan,30,Sun,17,56,36
11,GNEWS,PRE-CANDIDATOS,x,x,2022,Jan,30,Sun,17,45,22
12,GNEWS,PRE-CANDIDATOS,x,x,2022,Jan,30,Sun,17,41,15
13,GE,AGENDA,x,x,2022,Jan,30,Sun,19,9,8
14,GE,AGENDA,x,x,2022,Jan,30,Sun,19,8,52
15,GE,AGENDA,x,x,2022,Jan,30,Sun,19,8,29
